bps_kode_kecamatan,bps_nama_kecamatan,bps_kode_desa_kelurahan,bps_nama_desa_kelurahan,tahun,jumlah_jenis_aktif,kategori_risiko,ada_pencurian,ada_penipuan,ada_penganiayaan,ada_pembakaran,ada_perkosaan,ada_pengedar_penyalahgunaan_narkoba,ada_perjudian,ada_pembunuhan,ada_perdagangan_manusia
3204010.0,CIWIDEY,3204010001.0,PANUNDAAN,2019.0,2,RENDAH,1,1,0,0,0,0,0,0,0
3204010.0,CIWIDEY,3204010001.0,PANUNDAAN,2020.0,1,RENDAH,1,0,0,0,0,0,0,0,0
3204010.0,CIWIDEY,3204010001.0,PANUNDAAN,2021.0,1,RENDAH,1,0,0,0,0,0,0,0,0
3204010.0,CIWIDEY,3204010002.0,CIWIDEY,2019.0,0,AMAN,0,0,0,0,0,0,0,0,0
3204010.0,CIWIDEY,3204010002.0,CIWIDEY,2020.0,0,AMAN,0,0,0,0,0,0,0,0,0
3204010.0,CIWIDEY,3204010002.0,CIWIDEY,2021.0,0,AMAN,0,0,0,0,0,0,0,0,0
3204010.0,CIWIDEY,3204010003.0,PANYOCOKAN,2019.0,0,AMAN,0,0,0,0,0,0,0,0,0
3204010.0,CIWIDEY,3204010003.0,PANYOCOKAN,2020.0,2,RENDAH,1,1,0,0,0,0,0,0,0
3204010.0,CIWIDEY,3204010003.0,PANYOCOKAN,2021.0,2,RENDAH,1,1,0,0,0,0,0,0,0
3204010.0,CIWIDEY,3204010004.0,LEBAKMUNCANG,2019.0,2,RENDAH,1,1,0,0,0,0,0,0,0
3204010.0,CIWIDEY,3204010004.0,LEBAKMUNCANG,2020.0,3,SEDANG,1,1,0,0,0,0,1,0,0
3204010.0,CIWIDEY,3204010004.0,LEBAKMUNCANG,2021.0,2,RENDAH,1,1,0,0,0,0,0,0,0
3204010.0,CIWIDEY,3204010005.0,RAWABOGO,2019.0,4,SEDANG,1,1,0,0,0,1,1,0,0
3204010.0,CIWIDEY,3204010005.0,RAWABOGO,2020.0,3,SEDANG,1,1,1,0,0,0,0,0,0
3204010.0,CIWIDEY,3204010005.0,RAWABOGO,2021.0,2,RENDAH,1,0,0,0,0,0,1,0,0
3204010.0,CIWIDEY,3204010006.0,NENGKELAN,2019.0,1,RENDAH,1,0,0,0,0,0,0,0,0
3204010.0,CIWIDEY,3204010006.0,NENGKELAN,2020.0,0,AMAN,0,0,0,0,0,0,0,0,0
3204010.0,CIWIDEY,3204010006.0,NENGKELAN,2021.0,0,AMAN,0,0,0,0,0,0,0,0,0
3204010.0,CIWIDEY,3204010007.0,SUKAWENING,2019.0,0,AMAN,0,0,0,0,0,0,0,0,0
3204010.0,CIWIDEY,3204010007.0,SUKAWENING,2020.0,0,AMAN,0,0,0,0,0,0,0,0,0
3204010.0,CIWIDEY,3204010007.0,SUKAWENING,2021.0,0,AMAN,0,0,0,0,0,0,0,0,0
3204011.0,RANCABALI,3204011001.0,CIPELAH,2019.0,1,RENDAH,0,0,0,0,1,0,0,0,0
3204011.0,RANCABALI,3204011001.0,CIPELAH,2020.0,1,RENDAH,1,0,0,0,0,0,0,0,0
3204011.0,RANCABALI,3204011001.0,CIPELAH,2021.0,1,RENDAH,1,0,0,0,0,0,0,0,0
3204011.0,RANCABALI,3204011002.0,SUKARESMI,2019.0,0,AMAN,0,0,0,0,0,0,0,0,0
3204011.0,RANCABALI,3204011002.0,SUKARESMI,2020.0,1,RENDAH,1,0,0,0,0,0,0,0,0
3204011.0,RANCABALI,3204011002.0,SUKARESMI,2021.0,1,RENDAH,1,0,0,0,0,0,0,0,0
3204011.0,RANCABALI,3204011003.0,INDRAGIRI,2019.0,0,AMAN,0,0,0,0,0,0,0,0,0
3204011.0,RANCABALI,3204011003.0,INDRAGIRI,2020.0,0,AMAN,0,0,0,0,0,0,0,0,0
3204011.0,RANCABALI,3204011003.0,INDRAGIRI,2021.0,0,AMAN,0,0,0,0,0,0,0,0,0
3204011.0,RANCABALI,3204011004.0,PATENGAN,2019.0,1,RENDAH,1,0,0,0,0,0,0,0,0
3204011.0,RANCABALI,3204011004.0,PATENGAN,2020.0,1,RENDAH,1,0,0,0,0,0,0,0,0
3204011.0,RANCABALI,3204011004.0,PATENGAN,2021.0,2,RENDAH,1,1,0,0,0,0,0,0,0
3204011.0,RANCABALI,3204011005.0,ALAMENDAH,2019.0,1,RENDAH,1,0,0,0,0,0,0,0,0
3204011.0,RANCABALI,3204011005.0,ALAMENDAH,2020.0,1,RENDAH,1,0,0,0,0,0,0,0,0
3204011.0,RANCABALI,3204011005.0,ALAMENDAH,2021.0,1,RENDAH,1,0,0,0,0,0,0,0,0
3204020.0,PASIRJAMBU,3204020001.0,SUGIHMUKTI,2019.0,1,RENDAH,1,0,0,0,0,0,0,0,0
3204020.0,PASIRJAMBU,3204020001.0,SUGIHMUKTI,2020.0,1,RENDAH,1,0,0,0,0,0,0,0,0
3204020.0,PASIRJAMBU,3204020001.0,SUGIHMUKTI,2021.0,2,RENDAH,1,0,0,0,0,1,0,0,0
3204020.0,PASIRJAMBU,3204020002.0,MARGAMULYA,2019.0,1,RENDAH,1,0,0,0,0,0,0,0,0
3204020.0,PASIRJAMBU,3204020002.0,MARGAMULYA,2020.0,0,AMAN,0,0,0,0,0,0,0,0,0
3204020.0,PASIRJAMBU,3204020002.0,MARGAMULYA,2021.0,0,AMAN,0,0,0,0,0,0,0,0,0
3204020.0,PASIRJAMBU,3204020003.0,TENJOLAYA,2019.0,9,TINGGI,1,1,1,1,1,1,1,1,1
3204020.0,PASIRJAMBU,3204020003.0,TENJOLAYA,2020.0,2,RENDAH,1,0,0,0,0,0,0,1,0
3204020.0,PASIRJAMBU,3204020003.0,TENJOLAYA,2021.0,0,AMAN,0,0,0,0,0,0,0,0,0
3204020.0,PASIRJAMBU,3204020004.0,CISONDARI,2019.0,0,AMAN,0,0,0,0,0,0,0,0,0
3204020.0,PASIRJAMBU,3204020004.0,CISONDARI,2020.0,0,AMAN,0,0,0,0,0,0,0,0,0
3204020.0,PASIRJAMBU,3204020004.0,CISONDARI,2021.0,0,AMAN,0,0,0,0,0,0,0,0,0
3204020.0,PASIRJAMBU,3204020005.0,MEKARSARI,2019.0,0,AMAN,0,0,0,0,0,0,0,0,0
3204020.0,PASIRJAMBU,3204020005.0,MEKARSARI,2020.0,1,RENDAH,1,0,0,0,0,0,0,0,0
3204020.0,PASIRJAMBU,3204020005.0,MEKARSARI,2021.0,0,AMAN,0,0,0,0,0,0,0,0,0
3204020.0,PASIRJAMBU,3204020006.0,CIBODAS,2019.0,2,RENDAH,1,1,0,0,0,0,0,0,0
3204020.0,PASIRJAMBU,3204020006.0,CIBODAS,2020.0,1,RENDAH,1,0,0,0,0,0,0,0,0
3204020.0,PASIRJAMBU,3204020006.0,CIBODAS,2021.0,1,RENDAH,1,0,0,0,0,0,0,0,0
3204020.0,PASIRJAMBU,3204020007.0,CUKANGGENTENG,2019.0,2,RENDAH,1,1,0,0,0,0,0,0,0
3204020.0,PASIRJAMBU,3204020007.0,CUKANGGENTENG,2020.0,2,RENDAH,1,0,1,0,0,0,0,0,0
3204020.0,PASIRJAMBU,3204020007.0,CUKANGGENTENG,2021.0,3,SEDANG,1,0,1,0,0,1,0,0,0
3204020.0,PASIRJAMBU,3204020008.0,PASIRJAMBU,2019.0,3,SEDANG,1,1,1,0,0,0,0,0,0
3204020.0,PASIRJAMBU,3204020008.0,PASIRJAMBU,2020.0,4,SEDANG,1,1,1,0,0,0,0,1,0
3204020.0,PASIRJAMBU,3204020008.0,PASIRJAMBU,2021.0,4,SEDANG,1,1,1,0,0,0,0,1,0
3204020.0,PASIRJAMBU,3204020009.0,MEKARMAJU,2019.0,1,RENDAH,1,0,0,0,0,0,0,0,0
3204020.0,PASIRJAMBU,3204020009.0,MEKARMAJU,2020.0,1,RENDAH,1,0,0,0,0,0,0,0,0
3204020.0,PASIRJAMBU,3204020009.0,MEKARMAJU,2021.0,1,RENDAH,1,0,0,0,0,0,0,0,0
3204020.0,PASIRJAMBU,3204020010.0,CIKONENG,2019.0,1,RENDAH,1,0,0,0,0,0,0,0,0
3204020.0,PASIRJAMBU,3204020010.0,CIKONENG,2020.0,1,RENDAH,1,0,0,0,0,0,0,0,0
3204020.0,PASIRJAMBU,3204020010.0,CIKONENG,2021.0,1,RENDAH,1,0,0,0,0,0,0,0,0
3204030.0,CIMAUNG,3204030001.0,CIKALONG,2019.0,1,RENDAH,1,0,0,0,0,0,0,0,0
3204030.0,CIMAUNG,3204030001.0,CIKALONG,2020.0,0,AMAN,0,0,0,0,0,0,0,0,0
3204030.0,CIMAUNG,3204030001.0,CIKALONG,2021.0,1,RENDAH,1,0,0,0,0,0,0,0,0
3204030.0,CIMAUNG,3204030002.0,MEKARSARI,2019.0,0,AMAN,0,0,0,0,0,0,0,0,0
3204030.0,CIMAUNG,3204030002.0,MEKARSARI,2020.0,7,TINGGI,1,1,1,0,0,1,1,1,1
3204030.0,CIMAUNG,3204030002.0,MEKARSARI,2021.0,2,RENDAH,1,0,1,0,0,0,0,0,0
3204030.0,CIMAUNG,3204030003.0,CIPINANG,2019.0,1,RENDAH,1,0,0,0,0,0,0,0,0
3204030.0,CIMAUNG,3204030003.0,CIPINANG,2020.0,1,RENDAH,1,0,0,0,0,0,0,0,0
3204030.0,CIMAUNG,3204030003.0,CIPINANG,2021.0,1,RENDAH,1,0,0,0,0,0,0,0,0
3204030.0,CIMAUNG,3204030004.0,CIMAUNG,2019.0,0,AMAN,0,0,0,0,0,0,0,0,0
3204030.0,CIMAUNG,3204030004.0,CIMAUNG,2020.0,3,SEDANG,1,1,0,0,0,0,1,0,0
3204030.0,CIMAUNG,3204030004.0,CIMAUNG,2021.0,0,AMAN,0,0,0,0,0,0,0,0,0
3204030.0,CIMAUNG,3204030005.0,CAMPAKAMULYA,2019.0,0,AMAN,0,0,0,0,0,0,0,0,0
3204030.0,CIMAUNG,3204030005.0,CAMPAKAMULYA,2020.0,5,TINGGI,1,1,1,0,0,0,1,1,0
3204030.0,CIMAUNG,3204030005.0,CAMPAKAMULYA,2021.0,2,RENDAH,1,0,0,0,0,0,1,0,0
3204030.0,CIMAUNG,3204030006.0,PASIRHUNI,2019.0,1,RENDAH,1,0,0,0,0,0,0,0,0
3204030.0,CIMAUNG,3204030006.0,PASIRHUNI,2020.0,1,RENDAH,0,0,0,0,0,0,1,0,0
3204030.0,CIMAUNG,3204030006.0,PASIRHUNI,2021.0,2,RENDAH,1,0,0,0,0,0,1,0,0
3204030.0,CIMAUNG,3204030007.0,JAGABAYA,2019.0,2,RENDAH,1,0,0,0,0,0,1,0,0
3204030.0,CIMAUNG,3204030007.0,JAGABAYA,2020.0,5,TINGGI,1,1,1,0,0,1,1,0,0
3204030.0,CIMAUNG,3204030007.0,JAGABAYA,2021.0,4,SEDANG,1,1,1,0,0,0,1,0,0
3204030.0,CIMAUNG,3204030008.0,MALASARI,2019.0,4,SEDANG,1,1,1,0,0,0,1,0,0
3204030.0,CIMAUNG,3204030008.0,MALASARI,2020.0,0,AMAN,0,0,0,0,0,0,0,0,0
3204030.0,CIMAUNG,3204030008.0,MALASARI,2021.0,0,AMAN,0,0,0,0,0,0,0,0,0
3204030.0,CIMAUNG,3204030009.0,SUKAMAJU,2019.0,1,RENDAH,0,0,0,0,0,1,0,0,0
3204030.0,CIMAUNG,3204030009.0,SUKAMAJU,2020.0,0,AMAN,0,0,0,0,0,0,0,0,0
3204030.0,CIMAUNG,3204030009.0,SUKAMAJU,2021.0,0,AMAN,0,0,0,0,0,0,0,0,0
3204030.0,CIMAUNG,3204030010.0,WARJABAKTI,2019.0,2,RENDAH,1,0,0,0,0,1,0,0,0
3204030.0,CIMAUNG,3204030010.0,WARJABAKTI,2020.0,1,RENDAH,1,0,0,0,0,0,0,0,0
3204030.0,CIMAUNG,3204030010.0,WARJABAKTI,2021.0,1,RENDAH,1,0,0,0,0,0,0,0,0
3204040.0,PANGALENGAN,3204040001.0,WANASUKA,2019.0,1,RENDAH,1,0,0,0,0,0,0,0,0
3204040.0,PANGALENGAN,3204040001.0,WANASUKA,2020.0,1,RENDAH,1,0,0,0,0,0,0,0,0
3204040.0,PANGALENGAN,3204040001.0,WANASUKA,2021.0,1,RENDAH,1,0,0,0,0,0,0,0,0
3204040.0,PANGALENGAN,3204040002.0,BANJARSARI,2019.0,1,RENDAH,1,0,0,0,0,0,0,0,0
3204040.0,PANGALENGAN,3204040002.0,BANJARSARI,2020.0,0,AMAN,0,0,0,0,0,0,0,0,0
3204040.0,PANGALENGAN,3204040002.0,BANJARSARI,2021.0,0,AMAN,0,0,0,0,0,0,0,0,0
3204040.0,PANGALENGAN,3204040003.0,MARGALUYU,2019.0,0,AMAN,0,0,0,0,0,0,0,0,0
3204040.0,PANGALENGAN,3204040003.0,MARGALUYU,2020.0,0,AMAN,0,0,0,0,0,0,0,0,0
3204040.0,PANGALENGAN,3204040003.0,MARGALUYU,2021.0,0,AMAN,0,0,0,0,0,0,0,0,0
3204040.0,PANGALENGAN,3204040004.0,SUKALUYU,2019.0,1,RENDAH,1,0,0,0,0,0,0,0,0
3204040.0,PANGALENGAN,3204040004.0,SUKALUYU,2020.0,1,RENDAH,1,0,0,0,0,0,0,0,0
3204040.0,PANGALENGAN,3204040004.0,SUKALUYU,2021.0,1,RENDAH,1,0,0,0,0,0,0,0,0
3204040.0,PANGALENGAN,3204040005.0,WARNASARI,2019.0,2,RENDAH,1,0,0,0,0,0,1,0,0
3204040.0,PANGALENGAN,3204040005.0,WARNASARI,2020.0,1,RENDAH,1,0,0,0,0,0,0,0,0
3204040.0,PANGALENGAN,3204040005.0,WARNASARI,2021.0,1,RENDAH,1,0,0,0,0,0,0,0,0
3204040.0,PANGALENGAN,3204040006.0,PULOSARI,2019.0,1,RENDAH,1,0,0,0,0,0,0,0,0
3204040.0,PANGALENGAN,3204040006.0,PULOSARI,2020.0,0,AMAN,0,0,0,0,0,0,0,0,0
3204040.0,PANGALENGAN,3204040006.0,PULOSARI,2021.0,1,RENDAH,1,0,0,0,0,0,0,0,0
3204040.0,PANGALENGAN,3204040007.0,MARGAMEKAR,2019.0,1,RENDAH,1,0,0,0,0,0,0,0,0
3204040.0,PANGALENGAN,3204040007.0,MARGAMEKAR,2020.0,0,AMAN,0,0,0,0,0,0,0,0,0
3204040.0,PANGALENGAN,3204040007.0,MARGAMEKAR,2021.0,0,AMAN,0,0,0,0,0,0,0,0,0
3204040.0,PANGALENGAN,3204040008.0,SUKAMANAH,2019.0,3,SEDANG,1,1,0,0,0,0,1,0,0
3204040.0,PANGALENGAN,3204040008.0,SUKAMANAH,2020.0,1,RENDAH,1,0,0,0,0,0,0,0,0
3204040.0,PANGALENGAN,3204040008.0,SUKAMANAH,2021.0,1,RENDAH,1,0,0,0,0,0,0,0,0
3204040.0,PANGALENGAN,3204040009.0,MARGAMUKTI,2019.0,4,SEDANG,1,1,1,0,0,0,1,0,0
3204040.0,PANGALENGAN,3204040009.0,MARGAMUKTI,2020.0,1,RENDAH,1,0,0,0,0,0,0,0,0
3204040.0,PANGALENGAN,3204040009.0,MARGAMUKTI,2021.0,1,RENDAH,1,0,0,0,0,0,0,0,0
3204040.0,PANGALENGAN,3204040010.0,PANGALENGAN,2019.0,0,AMAN,0,0,0,0,0,0,0,0,0
3204040.0,PANGALENGAN,3204040010.0,PANGALENGAN,2020.0,0,AMAN,0,0,0,0,0,0,0,0,0
3204040.0,PANGALENGAN,3204040010.0,PANGALENGAN,2021.0,0,AMAN,0,0,0,0,0,0,0,0,0
3204040.0,PANGALENGAN,3204040011.0,MARGAMULYA,2019.0,1,RENDAH,1,0,0,0,0,0,0,0,0
3204040.0,PANGALENGAN,3204040011.0,MARGAMULYA,2020.0,1,RENDAH,1,0,0,0,0,0,0,0,0
3204040.0,PANGALENGAN,3204040011.0,MARGAMULYA,2021.0,1,RENDAH,1,0,0,0,0,0,0,0,0
3204040.0,PANGALENGAN,3204040012.0,TRIBAKTIMULYA,2019.0,0,AMAN,0,0,0,0,0,0,0,0,0
3204040.0,PANGALENGAN,3204040012.0,TRIBAKTIMULYA,2020.0,0,AMAN,0,0,0,0,0,0,0,0,0
3204040.0,PANGALENGAN,3204040012.0,TRIBAKTIMULYA,2021.0,0,AMAN,0,0,0,0,0,0,0,0,0
3204040.0,PANGALENGAN,3204040013.0,LAMAJANG,2019.0,0,AMAN,0,0,0,0,0,0,0,0,0
3204040.0,PANGALENGAN,3204040013.0,LAMAJANG,2020.0,0,AMAN,0,0,0,0,0,0,0,0,0
3204040.0,PANGALENGAN,3204040013.0,LAMAJANG,2021.0,0,AMAN,0,0,0,0,0,0,0,0,0
3204050.0,KERTASARI,3204050001.0,NEGLAWANGI,2019.0,0,AMAN,0,0,0,0,0,0,0,0,0
3204050.0,KERTASARI,3204050001.0,NEGLAWANGI,2020.0,1,RENDAH,1,0,0,0,0,0,0,0,0
3204050.0,KERTASARI,3204050001.0,NEGLAWANGI,2021.0,1,RENDAH,1,0,0,0,0,0,0,0,0
3204050.0,KERTASARI,3204050002.0,SANTOSA,2019.0,0,AMAN,0,0,0,0,0,0,0,0,0
3204050.0,KERTASARI,3204050002.0,SANTOSA,2020.0,0,AMAN,0,0,0,0,0,0,0,0,0
3204050.0,KERTASARI,3204050002.0,SANTOSA,2021.0,0,AMAN,0,0,0,0,0,0,0,0,0
3204050.0,KERTASARI,3204050003.0,TARUMAJAYA,2019.0,1,RENDAH,1,0,0,0,0,0,0,0,0
3204050.0,KERTASARI,3204050003.0,TARUMAJAYA,2020.0,1,RENDAH,1,0,0,0,0,0,0,0,0
3204050.0,KERTASARI,3204050003.0,TARUMAJAYA,2021.0,1,RENDAH,1,0,0,0,0,0,0,0,0
3204050.0,KERTASARI,3204050004.0,CIKEMBANG,2019.0,2,RENDAH,1,1,0,0,0,0,0,0,0
3204050.0,KERTASARI,3204050004.0,CIKEMBANG,2020.0,1,RENDAH,1,0,0,0,0,0,0,0,0
3204050.0,KERTASARI,3204050004.0,CIKEMBANG,2021.0,0,AMAN,0,0,0,0,0,0,0,0,0
3204050.0,KERTASARI,3204050005.0,CIBEUREUM,2019.0,1,RENDAH,1,0,0,0,0,0,0,0,0
3204050.0,KERTASARI,3204050005.0,CIBEUREUM,2020.0,1,RENDAH,1,0,0,0,0,0,0,0,0
3204050.0,KERTASARI,3204050005.0,CIBEUREUM,2021.0,1,RENDAH,1,0,0,0,0,0,0,0,0
3204050.0,KERTASARI,3204050006.0,CIHAWUK,2019.0,0,AMAN,0,0,0,0,0,0,0,0,0
3204050.0,KERTASARI,3204050006.0,CIHAWUK,2020.0,0,AMAN,0,0,0,0,0,0,0,0,0
3204050.0,KERTASARI,3204050006.0,CIHAWUK,2021.0,0,AMAN,0,0,0,0,0,0,0,0,0
3204050.0,KERTASARI,3204050007.0,SUKAPURA,2019.0,3,SEDANG,1,1,0,0,0,0,1,0,0
3204050.0,KERTASARI,3204050007.0,SUKAPURA,2020.0,1,RENDAH,1,0,0,0,0,0,0,0,0
3204050.0,KERTASARI,3204050007.0,SUKAPURA,2021.0,1,RENDAH,1,0,0,0,0,0,0,0,0
3204050.0,KERTASARI,3204050008.0,RESMI TINGAL,2019.0,2,RENDAH,1,1,0,0,0,0,0,0,0
3204050.0,KERTASARI,3204050008.0,RESMI TINGAL,2020.0,1,RENDAH,1,0,0,0,0,0,0,0,0
3204050.0,KERTASARI,3204050008.0,RESMI TINGAL,2021.0,1,RENDAH,1,0,0,0,0,0,0,0,0
3204060.0,PACET,3204060001.0,CIKITU,2019.0,1,RENDAH,1,0,0,0,0,0,0,0,0
3204060.0,PACET,3204060001.0,CIKITU,2020.0,1,RENDAH,1,0,0,0,0,0,0,0,0
3204060.0,PACET,3204060001.0,CIKITU,2021.0,1,RENDAH,1,0,0,0,0,0,0,0,0
3204060.0,PACET,3204060002.0,GIRIMULYA,2019.0,0,AMAN,0,0,0,0,0,0,0,0,0
3204060.0,PACET,3204060002.0,GIRIMULYA,2020.0,1,RENDAH,1,0,0,0,0,0,0,0,0
3204060.0,PACET,3204060002.0,GIRIMULYA,2021.0,1,RENDAH,1,0,0,0,0,0,0,0,0
3204060.0,PACET,3204060003.0,SUKARAME,2019.0,2,RENDAH,1,0,0,0,0,0,1,0,0
3204060.0,PACET,3204060003.0,SUKARAME,2020.0,1,RENDAH,1,0,0,0,0,0,0,0,0
3204060.0,PACET,3204060003.0,SUKARAME,2021.0,1,RENDAH,1,0,0,0,0,0,0,0,0
3204060.0,PACET,3204060004.0,CIKAWAO,2019.0,1,RENDAH,1,0,0,0,0,0,0,0,0
3204060.0,PACET,3204060004.0,CIKAWAO,2020.0,1,RENDAH,1,0,0,0,0,0,0,0,0
3204060.0,PACET,3204060004.0,CIKAWAO,2021.0,1,RENDAH,1,0,0,0,0,0,0,0,0
3204060.0,PACET,3204060005.0,NAGRAK,2019.0,1,RENDAH,1,0,0,0,0,0,0,0,0
3204060.0,PACET,3204060005.0,NAGRAK,2020.0,3,SEDANG,1,1,0,0,0,1,0,0,0
3204060.0,PACET,3204060005.0,NAGRAK,2021.0,3,SEDANG,1,1,0,0,0,1,0,0,0
3204060.0,PACET,3204060006.0,MANDALAHAJI,2019.0,0,AMAN,0,0,0,0,0,0,0,0,0
3204060.0,PACET,3204060006.0,MANDALAHAJI,2020.0,1,RENDAH,1,0,0,0,0,0,0,0,0
3204060.0,PACET,3204060006.0,MANDALAHAJI,2021.0,1,RENDAH,1,0,0,0,0,0,0,0,0
3204060.0,PACET,3204060007.0,MARUYUNG,2019.0,2,RENDAH,1,0,1,0,0,0,0,0,0
3204060.0,PACET,3204060007.0,MARUYUNG,2020.0,0,AMAN,0,0,0,0,0,0,0,0,0
3204060.0,PACET,3204060007.0,MARUYUNG,2021.0,0,AMAN,0,0,0,0,0,0,0,0,0
3204060.0,PACET,3204060008.0,PANGAUBAN,2019.0,0,AMAN,0,0,0,0,0,0,0,0,0
3204060.0,PACET,3204060008.0,PANGAUBAN,2020.0,0,AMAN,0,0,0,0,0,0,0,0,0
3204060.0,PACET,3204060008.0,PANGAUBAN,2021.0,0,AMAN,0,0,0,0,0,0,0,0,0
3204060.0,PACET,3204060009.0,CANANGGELA,2019.0,0,AMAN,0,0,0,0,0,0,0,0,0
3204060.0,PACET,3204060009.0,CANANGGELA,2020.0,2,RENDAH,1,0,0,0,0,0,1,0,0
3204060.0,PACET,3204060009.0,CANANGGELA,2021.0,2,RENDAH,1,0,0,0,0,0,1,0,0
3204060.0,PACET,3204060010.0,MEKARJAYA,2019.0,0,AMAN,0,0,0,0,0,0,0,0,0
3204060.0,PACET,3204060010.0,MEKARJAYA,2020.0,1,RENDAH,1,0,0,0,0,0,0,0,0
3204060.0,PACET,3204060010.0,MEKARJAYA,2021.0,1,RENDAH,1,0,0,0,0,0,0,0,0
3204060.0,PACET,3204060011.0,MEKARSARI,2019.0,0,AMAN,0,0,0,0,0,0,0,0,0
3204060.0,PACET,3204060011.0,MEKARSARI,2020.0,1,RENDAH,1,0,0,0,0,0,0,0,0
3204060.0,PACET,3204060011.0,MEKARSARI,2021.0,1,RENDAH,1,0,0,0,0,0,0,0,0
3204060.0,PACET,3204060012.0,CIPEUJEUH,2019.0,1,RENDAH,1,0,0,0,0,0,0,0,0
3204060.0,PACET,3204060012.0,CIPEUJEUH,2020.0,1,RENDAH,1,0,0,0,0,0,0,0,0
3204060.0,PACET,3204060012.0,CIPEUJEUH,2021.0,1,RENDAH,1,0,0,0,0,0,0,0,0
3204060.0,PACET,3204060013.0,TANJUNGWANGI,2019.0,2,RENDAH,1,1,0,0,0,0,0,0,0
3204060.0,PACET,3204060013.0,TANJUNGWANGI,2020.0,0,AMAN,0,0,0,0,0,0,0,0,0
3204060.0,PACET,3204060013.0,TANJUNGWANGI,2021.0,0,AMAN,0,0,0,0,0,0,0,0,0
3204070.0,IBUN,3204070001.0,NEGLASARI,2019.0,1,RENDAH,1,0,0,0,0,0,0,0,0
3204070.0,IBUN,3204070001.0,NEGLASARI,2020.0,2,RENDAH,1,1,0,0,0,0,0,0,0
3204070.0,IBUN,3204070001.0,NEGLASARI,2021.0,2,RENDAH,1,1,0,0,0,0,0,0,0
3204070.0,IBUN,3204070002.0,DUKUH,2019.0,2,RENDAH,1,1,0,0,0,0,0,0,0
3204070.0,IBUN,3204070002.0,DUKUH,2020.0,1,RENDAH,1,0,0,0,0,0,0,0,0
3204070.0,IBUN,3204070002.0,DUKUH,2021.0,1,RENDAH,1,0,0,0,0,0,0,0,0
3204070.0,IBUN,3204070003.0,IBUN,2019.0,0,AMAN,0,0,0,0,0,0,0,0,0
3204070.0,IBUN,3204070003.0,IBUN,2020.0,0,AMAN,0,0,0,0,0,0,0,0,0
3204070.0,IBUN,3204070003.0,IBUN,2021.0,0,AMAN,0,0,0,0,0,0,0,0,0
3204070.0,IBUN,3204070004.0,LAKSANA,2019.0,0,AMAN,0,0,0,0,0,0,0,0,0
3204070.0,IBUN,3204070004.0,LAKSANA,2020.0,0,AMAN,0,0,0,0,0,0,0,0,0
3204070.0,IBUN,3204070004.0,LAKSANA,2021.0,0,AMAN,0,0,0,0,0,0,0,0,0
3204070.0,IBUN,3204070005.0,MEKARWANGI,2019.0,0,AMAN,0,0,0,0,0,0,0,0,0
3204070.0,IBUN,3204070005.0,MEKARWANGI,2020.0,1,RENDAH,1,0,0,0,0,0,0,0,0
3204070.0,IBUN,3204070005.0,MEKARWANGI,2021.0,0,AMAN,0,0,0,0,0,0,0,0,0
3204070.0,IBUN,3204070006.0,SUDI,2019.0,0,AMAN,0,0,0,0,0,0,0,0,0
3204070.0,IBUN,3204070006.0,SUDI,2020.0,1,RENDAH,1,0,0,0,0,0,0,0,0
3204070.0,IBUN,3204070006.0,SUDI,2021.0,0,AMAN,0,0,0,0,0,0,0,0,0
3204070.0,IBUN,3204070007.0,CIBEET,2019.0,1,RENDAH,1,0,0,0,0,0,0,0,0
3204070.0,IBUN,3204070007.0,CIBEET,2020.0,0,AMAN,0,0,0,0,0,0,0,0,0
3204070.0,IBUN,3204070007.0,CIBEET,2021.0,0,AMAN,0,0,0,0,0,0,0,0,0
3204070.0,IBUN,3204070008.0,PANGGUH,2019.0,0,AMAN,0,0,0,0,0,0,0,0,0
3204070.0,IBUN,3204070008.0,PANGGUH,2020.0,1,RENDAH,1,0,0,0,0,0,0,0,0
3204070.0,IBUN,3204070008.0,PANGGUH,2021.0,1,RENDAH,1,0,0,0,0,0,0,0,0
3204070.0,IBUN,3204070009.0,KARYALAKSANA,2019.0,0,AMAN,0,0,0,0,0,0,0,0,0
3204070.0,IBUN,3204070009.0,KARYALAKSANA,2020.0,1,RENDAH,1,0,0,0,0,0,0,0,0
3204070.0,IBUN,3204070009.0,KARYALAKSANA,2021.0,1,RENDAH,1,0,0,0,0,0,0,0,0
3204070.0,IBUN,3204070010.0,LAMPEGAN,2019.0,0,AMAN,0,0,0,0,0,0,0,0,0
3204070.0,IBUN,3204070010.0,LAMPEGAN,2020.0,0,AMAN,0,0,0,0,0,0,0,0,0
3204070.0,IBUN,3204070010.0,LAMPEGAN,2021.0,0,AMAN,0,0,0,0,0,0,0,0,0
3204070.0,IBUN,3204070011.0,TALUN,2019.0,1,RENDAH,1,0,0,0,0,0,0,0,0
3204070.0,IBUN,3204070011.0,TALUN,2020.0,1,RENDAH,1,0,0,0,0,0,0,0,0
3204070.0,IBUN,3204070011.0,TALUN,2021.0,1,RENDAH,1,0,0,0,0,0,0,0,0
3204070.0,IBUN,3204070012.0,TANGULUN,2019.0,0,AMAN,0,0,0,0,0,0,0,0,0
3204070.0,IBUN,3204070012.0,TANGULUN,2020.0,0,AMAN,0,0,0,0,0,0,0,0,0
3204070.0,IBUN,3204070012.0,TANGULUN,2021.0,0,AMAN,0,0,0,0,0,0,0,0,0
3204080.0,PASEH,3204080001.0,LOA,2019.0,1,RENDAH,1,0,0,0,0,0,0,0,0
3204080.0,PASEH,3204080001.0,LOA,2020.0,0,AMAN,0,0,0,0,0,0,0,0,0
3204080.0,PASEH,3204080001.0,LOA,2021.0,0,AMAN,0,0,0,0,0,0,0,0,0
3204080.0,PASEH,3204080002.0,DRAWATI,2019.0,1,RENDAH,1,0,0,0,0,0,0,0,0
3204080.0,PASEH,3204080002.0,DRAWATI,2020.0,0,AMAN,0,0,0,0,0,0,0,0,0
3204080.0,PASEH,3204080002.0,DRAWATI,2021.0,1,RENDAH,1,0,0,0,0,0,0,0,0
3204080.0,PASEH,3204080003.0,CIPAKU,2019.0,2,RENDAH,1,0,1,0,0,0,0,0,0
3204080.0,PASEH,3204080003.0,CIPAKU,2020.0,0,AMAN,0,0,0,0,0,0,0,0,0
3204080.0,PASEH,3204080003.0,CIPAKU,2021.0,0,AMAN,0,0,0,0,0,0,0,0,0
3204080.0,PASEH,3204080004.0,SINDANGSARI,2019.0,3,SEDANG,1,1,0,1,0,0,0,0,0
3204080.0,PASEH,3204080004.0,SINDANGSARI,2020.0,4,SEDANG,1,1,1,0,0,0,1,0,0
3204080.0,PASEH,3204080004.0,SINDANGSARI,2021.0,4,SEDANG,1,1,1,0,0,0,1,0,0
3204080.0,PASEH,3204080005.0,SUKAMANTRI,2019.0,4,SEDANG,1,1,1,0,1,0,0,0,0
3204080.0,PASEH,3204080005.0,SUKAMANTRI,2020.0,2,RENDAH,1,1,0,0,0,0,0,0,0
3204080.0,PASEH,3204080005.0,SUKAMANTRI,2021.0,2,RENDAH,1,1,0,0,0,0,0,0,0
3204080.0,PASEH,3204080006.0,SUKAMANAH,2019.0,2,RENDAH,1,0,1,0,0,0,0,0,0
3204080.0,PASEH,3204080006.0,SUKAMANAH,2020.0,0,AMAN,0,0,0,0,0,0,0,0,0
3204080.0,PASEH,3204080006.0,SUKAMANAH,2021.0,0,AMAN,0,0,0,0,0,0,0,0,0
3204080.0,PASEH,3204080007.0,MEKARPAWITAN,2019.0,0,AMAN,0,0,0,0,0,0,0,0,0
3204080.0,PASEH,3204080007.0,MEKARPAWITAN,2020.0,1,RENDAH,1,0,0,0,0,0,0,0,0
3204080.0,PASEH,3204080007.0,MEKARPAWITAN,2021.0,1,RENDAH,1,0,0,0,0,0,0,0,0
3204080.0,PASEH,3204080008.0,CIJAGRA,2019.0,4,SEDANG,1,1,1,0,1,0,0,0,0
3204080.0,PASEH,3204080008.0,CIJAGRA,2020.0,2,RENDAH,1,0,1,0,0,0,0,0,0
3204080.0,PASEH,3204080008.0,CIJAGRA,2021.0,2,RENDAH,1,0,1,0,0,0,0,0,0
3204080.0,PASEH,3204080009.0,TANGSIMEKAR,2019.0,1,RENDAH,1,0,0,0,0,0,0,0,0
3204080.0,PASEH,3204080009.0,TANGSIMEKAR,2020.0,1,RENDAH,1,0,0,0,0,0,0,0,0
3204080.0,PASEH,3204080009.0,TANGSIMEKAR,2021.0,1,RENDAH,1,0,0,0,0,0,0,0,0
3204080.0,PASEH,3204080010.0,CIPEDES,2019.0,5,TINGGI,1,0,1,0,1,1,1,0,0
3204080.0,PASEH,3204080010.0,CIPEDES,2020.0,5,TINGGI,1,1,1,0,1,0,1,0,0
3204080.0,PASEH,3204080010.0,CIPEDES,2021.0,5,TINGGI,1,1,1,0,1,0,1,0,0
3204080.0,PASEH,3204080011.0,KARANGTUNGGAL,2019.0,5,TINGGI,1,1,1,0,0,1,1,0,0
3204080.0,PASEH,3204080011.0,KARANGTUNGGAL,2020.0,5,TINGGI,1,1,1,0,1,0,1,0,0
3204080.0,PASEH,3204080011.0,KARANGTUNGGAL,2021.0,5,TINGGI,1,1,1,0,1,0,1,0,0
3204080.0,PASEH,3204080012.0,CIGENTUR,2019.0,1,RENDAH,1,0,0,0,0,0,0,0,0
3204080.0,PASEH,3204080012.0,CIGENTUR,2020.0,2,RENDAH,1,1,0,0,0,0,0,0,0
3204080.0,PASEH,3204080012.0,CIGENTUR,2021.0,2,RENDAH,1,1,0,0,0,0,0,0,0
3204090.0,CIKANCUNG,3204090001.0,SRIRAHAYU,2019.0,2,RENDAH,1,0,1,0,0,0,0,0,0
3204090.0,CIKANCUNG,3204090001.0,SRIRAHAYU,2020.0,5,TINGGI,1,1,1,0,0,1,1,0,0
3204090.0,CIKANCUNG,3204090001.0,SRIRAHAYU,2021.0,5,TINGGI,1,1,1,0,0,1,1,0,0
3204090.0,CIKANCUNG,3204090002.0,CILULUK,2019.0,1,RENDAH,1,0,0,0,0,0,0,0,0
3204090.0,CIKANCUNG,3204090002.0,CILULUK,2020.0,0,AMAN,0,0,0,0,0,0,0,0,0
3204090.0,CIKANCUNG,3204090002.0,CILULUK,2021.0,2,RENDAH,1,0,0,0,0,0,1,0,0
3204090.0,CIKANCUNG,3204090003.0,MEKARLAKSANA,2019.0,0,AMAN,0,0,0,0,0,0,0,0,0
3204090.0,CIKANCUNG,3204090003.0,MEKARLAKSANA,2020.0,0,AMAN,0,0,0,0,0,0,0,0,0
3204090.0,CIKANCUNG,3204090003.0,MEKARLAKSANA,2021.0,0,AMAN,0,0,0,0,0,0,0,0,0
3204090.0,CIKANCUNG,3204090004.0,CIHANYIR,2019.0,0,AMAN,0,0,0,0,0,0,0,0,0
3204090.0,CIKANCUNG,3204090004.0,CIHANYIR,2020.0,1,RENDAH,1,0,0,0,0,0,0,0,0
3204090.0,CIKANCUNG,3204090004.0,CIHANYIR,2021.0,1,RENDAH,1,0,0,0,0,0,0,0,0
3204090.0,CIKANCUNG,3204090005.0,CIKANCUNG,2019.0,1,RENDAH,1,0,0,0,0,0,0,0,0
3204090.0,CIKANCUNG,3204090005.0,CIKANCUNG,2020.0,2,RENDAH,1,0,1,0,0,0,0,0,0
3204090.0,CIKANCUNG,3204090005.0,CIKANCUNG,2021.0,0,AMAN,0,0,0,0,0,0,0,0,0
3204090.0,CIKANCUNG,3204090006.0,MANDALASARI,2019.0,1,RENDAH,1,0,0,0,0,0,0,0,0
3204090.0,CIKANCUNG,3204090006.0,MANDALASARI,2020.0,2,RENDAH,1,1,0,0,0,0,0,0,0
3204090.0,CIKANCUNG,3204090006.0,MANDALASARI,2021.0,2,RENDAH,1,1,0,0,0,0,0,0,0
3204090.0,CIKANCUNG,3204090007.0,HEGARMANAH,2019.0,1,RENDAH,1,0,0,0,0,0,0,0,0
3204090.0,CIKANCUNG,3204090007.0,HEGARMANAH,2020.0,1,RENDAH,1,0,0,0,0,0,0,0,0
3204090.0,CIKANCUNG,3204090007.0,HEGARMANAH,2021.0,1,RENDAH,1,0,0,0,0,0,0,0,0
3204090.0,CIKANCUNG,3204090008.0,CIKASUNGKA,2019.0,2,RENDAH,0,1,1,0,0,0,0,0,0
3204090.0,CIKANCUNG,3204090008.0,CIKASUNGKA,2020.0,0,AMAN,0,0,0,0,0,0,0,0,0
3204090.0,CIKANCUNG,3204090008.0,CIKASUNGKA,2021.0,4,SEDANG,1,1,1,0,0,0,1,0,0
3204090.0,CIKANCUNG,3204090009.0,TANJUNGLAYA,2019.0,3,SEDANG,1,1,0,0,0,1,0,0,0
3204090.0,CIKANCUNG,3204090009.0,TANJUNGLAYA,2020.0,5,TINGGI,1,1,1,0,0,1,1,0,0
3204090.0,CIKANCUNG,3204090009.0,TANJUNGLAYA,2021.0,0,AMAN,0,0,0,0,0,0,0,0,0
3204100.0,CICALENGKA,3204100001.0,NAGROG,2019.0,3,SEDANG,1,1,1,0,0,0,0,0,0
3204100.0,CICALENGKA,3204100001.0,NAGROG,2020.0,1,RENDAH,1,0,0,0,0,0,0,0,0
3204100.0,CICALENGKA,3204100001.0,NAGROG,2021.0,1,RENDAH,1,0,0,0,0,0,0,0,0
3204100.0,CICALENGKA,3204100002.0,NARAWITA,2019.0,5,TINGGI,1,1,1,0,0,1,1,0,0
3204100.0,CICALENGKA,3204100002.0,NARAWITA,2020.0,0,AMAN,0,0,0,0,0,0,0,0,0
3204100.0,CICALENGKA,3204100002.0,NARAWITA,2021.0,0,AMAN,0,0,0,0,0,0,0,0,0
3204100.0,CICALENGKA,3204100003.0,MARGAASIH,2019.0,0,AMAN,0,0,0,0,0,0,0,0,0
3204100.0,CICALENGKA,3204100003.0,MARGAASIH,2020.0,2,RENDAH,1,0,0,0,0,1,0,0,0
3204100.0,CICALENGKA,3204100003.0,MARGAASIH,2021.0,2,RENDAH,1,1,0,0,0,0,0,0,0
3204100.0,CICALENGKA,3204100004.0,CICALENGKA WETAN,2019.0,5,TINGGI,1,1,1,0,0,1,1,0,0
3204100.0,CICALENGKA,3204100004.0,CICALENGKA WETAN,2020.0,2,RENDAH,1,1,0,0,0,0,0,0,0
3204100.0,CICALENGKA,3204100004.0,CICALENGKA WETAN,2021.0,2,RENDAH,1,1,0,0,0,0,0,0,0
3204100.0,CICALENGKA,3204100005.0,CIKUYA,2019.0,5,TINGGI,1,1,1,0,0,1,1,0,0
3204100.0,CICALENGKA,3204100005.0,CIKUYA,2020.0,2,RENDAH,1,0,0,0,0,1,0,0,0
3204100.0,CICALENGKA,3204100005.0,CIKUYA,2021.0,2,RENDAH,1,0,0,0,0,1,0,0,0
3204100.0,CICALENGKA,3204100006.0,WALUYA,2019.0,2,RENDAH,1,0,0,0,0,1,0,0,0
3204100.0,CICALENGKA,3204100006.0,WALUYA,2020.0,1,RENDAH,1,0,0,0,0,0,0,0,0
3204100.0,CICALENGKA,3204100006.0,WALUYA,2021.0,1,RENDAH,1,0,0,0,0,0,0,0,0
3204100.0,CICALENGKA,3204100007.0,PANENJOAN,2019.0,1,RENDAH,1,0,0,0,0,0,0,0,0
3204100.0,CICALENGKA,3204100007.0,PANENJOAN,2020.0,1,RENDAH,1,0,0,0,0,0,0,0,0
3204100.0,CICALENGKA,3204100007.0,PANENJOAN,2021.0,1,RENDAH,1,0,0,0,0,0,0,0,0
3204100.0,CICALENGKA,3204100008.0,TENJOLAYA,2019.0,2,RENDAH,1,1,0,0,0,0,0,0,0
3204100.0,CICALENGKA,3204100008.0,TENJOLAYA,2020.0,1,RENDAH,1,0,0,0,0,0,0,0,0
3204100.0,CICALENGKA,3204100008.0,TENJOLAYA,2021.0,1,RENDAH,1,0,0,0,0,0,0,0,0
3204100.0,CICALENGKA,3204100009.0,CICALENGKA KULON,2019.0,0,AMAN,0,0,0,0,0,0,0,0,0
3204100.0,CICALENGKA,3204100009.0,CICALENGKA KULON,2020.0,3,SEDANG,1,1,1,0,0,0,0,0,0
3204100.0,CICALENGKA,3204100009.0,CICALENGKA KULON,2021.0,2,RENDAH,1,0,0,0,0,1,0,0,0
3204100.0,CICALENGKA,3204100010.0,BABAKAN PEUTEUY,2019.0,4,SEDANG,1,1,0,0,0,1,1,0,0
3204100.0,CICALENGKA,3204100010.0,BABAKAN PEUTEUY,2020.0,9,TINGGI,1,1,1,1,1,1,1,1,1
3204100.0,CICALENGKA,3204100010.0,BABAKAN PEUTEUY,2021.0,9,TINGGI,1,1,1,1,1,1,1,1,1
3204100.0,CICALENGKA,3204100011.0,DAMPIT,2019.0,1,RENDAH,1,0,0,0,0,0,0,0,0
3204100.0,CICALENGKA,3204100011.0,DAMPIT,2020.0,1,RENDAH,1,0,0,0,0,0,0,0,0
3204100.0,CICALENGKA,3204100011.0,DAMPIT,2021.0,1,RENDAH,1,0,0,0,0,0,0,0,0
3204100.0,CICALENGKA,3204100012.0,TANJUNGWANGI,2019.0,1,RENDAH,1,0,0,0,0,0,0,0,0
3204100.0,CICALENGKA,3204100012.0,TANJUNGWANGI,2020.0,1,RENDAH,1,0,0,0,0,0,0,0,0
3204100.0,CICALENGKA,3204100012.0,TANJUNGWANGI,2021.0,1,RENDAH,1,0,0,0,0,0,0,0,0
3204101.0,NAGREG,3204101001.0,MANDALAWANGI,2019.0,2,RENDAH,1,1,0,0,0,0,0,0,0
3204101.0,NAGREG,3204101001.0,MANDALAWANGI,2020.0,1,RENDAH,1,0,0,0,0,0,0,0,0
3204101.0,NAGREG,3204101001.0,MANDALAWANGI,2021.0,2,RENDAH,1,1,0,0,0,0,0,0,0
3204101.0,NAGREG,3204101002.0,BOJONG,2019.0,4,SEDANG,1,1,1,0,0,1,0,0,0
3204101.0,NAGREG,3204101002.0,BOJONG,2020.0,2,RENDAH,1,0,0,0,0,1,0,0,0
3204101.0,NAGREG,3204101002.0,BOJONG,2021.0,2,RENDAH,1,0,0,0,0,1,0,0,0
3204101.0,NAGREG,3204101003.0,CIHERANG,2019.0,1,RENDAH,1,0,0,0,0,0,0,0,0
3204101.0,NAGREG,3204101003.0,CIHERANG,2020.0,2,RENDAH,1,0,1,0,0,0,0,0,0
3204101.0,NAGREG,3204101003.0,CIHERANG,2021.0,1,RENDAH,1,0,0,0,0,0,0,0,0
3204101.0,NAGREG,3204101004.0,CIARO,2019.0,5,TINGGI,1,1,1,0,0,1,1,0,0
3204101.0,NAGREG,3204101004.0,CIARO,2020.0,1,RENDAH,1,0,0,0,0,0,0,0,0
3204101.0,NAGREG,3204101004.0,CIARO,2021.0,1,RENDAH,1,0,0,0,0,0,0,0,0
3204101.0,NAGREG,3204101005.0,NAGREG,2019.0,1,RENDAH,1,0,0,0,0,0,0,0,0
3204101.0,NAGREG,3204101005.0,NAGREG,2020.0,0,AMAN,0,0,0,0,0,0,0,0,0
3204101.0,NAGREG,3204101005.0,NAGREG,2021.0,0,AMAN,0,0,0,0,0,0,0,0,0
3204101.0,NAGREG,3204101006.0,CITAMAN,2019.0,0,AMAN,0,0,0,0,0,0,0,0,0
3204101.0,NAGREG,3204101006.0,CITAMAN,2020.0,0,AMAN,0,0,0,0,0,0,0,0,0
3204101.0,NAGREG,3204101006.0,CITAMAN,2021.0,0,AMAN,0,0,0,0,0,0,0,0,0
3204101.0,NAGREG,3204101007.0,NAGREG KENDAN,2019.0,1,RENDAH,1,0,0,0,0,0,0,0,0
3204101.0,NAGREG,3204101007.0,NAGREG KENDAN,2020.0,2,RENDAH,1,1,0,0,0,0,0,0,0
3204101.0,NAGREG,3204101007.0,NAGREG KENDAN,2021.0,2,RENDAH,1,1,0,0,0,0,0,0,0
3204101.0,NAGREG,3204101008.0,GANJAR SABAR,2019.0,0,AMAN,0,0,0,0,0,0,0,0,0
3204101.0,NAGREG,3204101008.0,GANJAR SABAR,2020.0,2,RENDAH,1,0,0,0,0,1,0,0,0
3204101.0,NAGREG,3204101008.0,GANJAR SABAR,2021.0,1,RENDAH,1,0,0,0,0,0,0,0,0
3204110.0,RANCAEKEK,3204110001.0,SUKAMANAH,2019.0,2,RENDAH,1,0,1,0,0,0,0,0,0
3204110.0,RANCAEKEK,3204110001.0,SUKAMANAH,2020.0,1,RENDAH,1,0,0,0,0,0,0,0,0
3204110.0,RANCAEKEK,3204110001.0,SUKAMANAH,2021.0,1,RENDAH,1,0,0,0,0,0,0,0,0
3204110.0,RANCAEKEK,3204110002.0,TEGAL SUMEDANG,2019.0,5,TINGGI,1,1,1,0,0,1,1,0,0
3204110.0,RANCAEKEK,3204110002.0,TEGAL SUMEDANG,2020.0,3,SEDANG,1,1,1,0,0,0,0,0,0
3204110.0,RANCAEKEK,3204110002.0,TEGAL SUMEDANG,2021.0,2,RENDAH,1,1,0,0,0,0,0,0,0
3204110.0,RANCAEKEK,3204110003.0,RANCAEKEK KULON,2019.0,2,RENDAH,1,1,0,0,0,0,0,0,0
3204110.0,RANCAEKEK,3204110003.0,RANCAEKEK KULON,2020.0,3,SEDANG,1,1,0,0,0,0,1,0,0
3204110.0,RANCAEKEK,3204110003.0,RANCAEKEK KULON,2021.0,3,SEDANG,1,1,0,0,0,0,1,0,0
3204110.0,RANCAEKEK,3204110004.0,RANCAEKEK WETAN,2019.0,1,RENDAH,1,0,0,0,0,0,0,0,0
3204110.0,RANCAEKEK,3204110004.0,RANCAEKEK WETAN,2020.0,1,RENDAH,0,0,1,0,0,0,0,0,0
3204110.0,RANCAEKEK,3204110004.0,RANCAEKEK WETAN,2021.0,1,RENDAH,0,0,1,0,0,0,0,0,0
3204110.0,RANCAEKEK,3204110005.0,BOJONGLOA,2019.0,1,RENDAH,1,0,0,0,0,0,0,0,0
3204110.0,RANCAEKEK,3204110005.0,BOJONGLOA,2020.0,6,TINGGI,1,1,1,0,1,1,1,0,0
3204110.0,RANCAEKEK,3204110005.0,BOJONGLOA,2021.0,6,TINGGI,1,1,1,0,1,1,1,0,0
3204110.0,RANCAEKEK,3204110006.0,JELEGONG,2019.0,2,RENDAH,1,1,0,0,0,0,0,0,0
3204110.0,RANCAEKEK,3204110006.0,JELEGONG,2020.0,2,RENDAH,1,1,0,0,0,0,0,0,0
3204110.0,RANCAEKEK,3204110006.0,JELEGONG,2021.0,2,RENDAH,1,1,0,0,0,0,0,0,0
3204110.0,RANCAEKEK,3204110007.0,LINGGAR,2019.0,3,SEDANG,0,0,1,0,0,1,1,0,0
3204110.0,RANCAEKEK,3204110007.0,LINGGAR,2020.0,1,RENDAH,1,0,0,0,0,0,0,0,0
3204110.0,RANCAEKEK,3204110007.0,LINGGAR,2021.0,0,AMAN,0,0,0,0,0,0,0,0,0
3204110.0,RANCAEKEK,3204110008.0,SUKAMULYA,2019.0,1,RENDAH,1,0,0,0,0,0,0,0,0
3204110.0,RANCAEKEK,3204110008.0,SUKAMULYA,2020.0,3,SEDANG,1,1,0,0,0,0,1,0,0
3204110.0,RANCAEKEK,3204110008.0,SUKAMULYA,2021.0,3,SEDANG,1,1,0,0,0,0,1,0,0
3204110.0,RANCAEKEK,3204110009.0,HAURPUGUR,2019.0,0,AMAN,0,0,0,0,0,0,0,0,0
3204110.0,RANCAEKEK,3204110009.0,HAURPUGUR,2020.0,0,AMAN,0,0,0,0,0,0,0,0,0
3204110.0,RANCAEKEK,3204110009.0,HAURPUGUR,2021.0,0,AMAN,0,0,0,0,0,0,0,0,0
3204110.0,RANCAEKEK,3204110010.0,SANGIANG,2019.0,0,AMAN,0,0,0,0,0,0,0,0,0
3204110.0,RANCAEKEK,3204110010.0,SANGIANG,2020.0,1,RENDAH,0,0,1,0,0,0,0,0,0
3204110.0,RANCAEKEK,3204110010.0,SANGIANG,2021.0,0,AMAN,0,0,0,0,0,0,0,0,0
3204110.0,RANCAEKEK,3204110011.0,BOJONGSALAM,2019.0,0,AMAN,0,0,0,0,0,0,0,0,0
3204110.0,RANCAEKEK,3204110011.0,BOJONGSALAM,2020.0,0,AMAN,0,0,0,0,0,0,0,0,0
3204110.0,RANCAEKEK,3204110011.0,BOJONGSALAM,2021.0,0,AMAN,0,0,0,0,0,0,0,0,0
3204110.0,RANCAEKEK,3204110012.0,CANGKUANG,2019.0,1,RENDAH,1,0,0,0,0,0,0,0,0
3204110.0,RANCAEKEK,3204110012.0,CANGKUANG,2020.0,0,AMAN,0,0,0,0,0,0,0,0,0
3204110.0,RANCAEKEK,3204110012.0,CANGKUANG,2021.0,0,AMAN,0,0,0,0,0,0,0,0,0
3204110.0,RANCAEKEK,3204110013.0,NANJUNG MEKAR,2019.0,2,RENDAH,1,0,0,0,0,1,0,0,0
3204110.0,RANCAEKEK,3204110013.0,NANJUNG MEKAR,2020.0,0,AMAN,0,0,0,0,0,0,0,0,0
3204110.0,RANCAEKEK,3204110013.0,NANJUNG MEKAR,2021.0,0,AMAN,0,0,0,0,0,0,0,0,0
3204120.0,MAJALAYA,3204120001.0,NEGLASARI,2019.0,1,RENDAH,1,0,0,0,0,0,0,0,0
3204120.0,MAJALAYA,3204120001.0,NEGLASARI,2020.0,0,AMAN,0,0,0,0,0,0,0,0,0
3204120.0,MAJALAYA,3204120001.0,NEGLASARI,2021.0,0,AMAN,0,0,0,0,0,0,0,0,0
3204120.0,MAJALAYA,3204120002.0,WANGISAGARA,2019.0,1,RENDAH,1,0,0,0,0,0,0,0,0
3204120.0,MAJALAYA,3204120002.0,WANGISAGARA,2020.0,0,AMAN,0,0,0,0,0,0,0,0,0
3204120.0,MAJALAYA,3204120002.0,WANGISAGARA,2021.0,2,RENDAH,1,0,1,0,0,0,0,0,0
3204120.0,MAJALAYA,3204120003.0,PADAMULYA,2019.0,1,RENDAH,1,0,0,0,0,0,0,0,0
3204120.0,MAJALAYA,3204120003.0,PADAMULYA,2020.0,0,AMAN,0,0,0,0,0,0,0,0,0
3204120.0,MAJALAYA,3204120003.0,PADAMULYA,2021.0,0,AMAN,0,0,0,0,0,0,0,0,0
3204120.0,MAJALAYA,3204120004.0,SUKAMUKTI,2019.0,0,AMAN,0,0,0,0,0,0,0,0,0
3204120.0,MAJALAYA,3204120004.0,SUKAMUKTI,2020.0,0,AMAN,0,0,0,0,0,0,0,0,0
3204120.0,MAJALAYA,3204120004.0,SUKAMUKTI,2021.0,0,AMAN,0,0,0,0,0,0,0,0,0
3204120.0,MAJALAYA,3204120005.0,PADAULUN,2019.0,1,RENDAH,1,0,0,0,0,0,0,0,0
3204120.0,MAJALAYA,3204120005.0,PADAULUN,2020.0,0,AMAN,0,0,0,0,0,0,0,0,0
3204120.0,MAJALAYA,3204120005.0,PADAULUN,2021.0,0,AMAN,0,0,0,0,0,0,0,0,0
3204120.0,MAJALAYA,3204120006.0,BIRU,2019.0,0,AMAN,0,0,0,0,0,0,0,0,0
3204120.0,MAJALAYA,3204120006.0,BIRU,2020.0,3,SEDANG,1,0,1,0,0,1,0,0,0
3204120.0,MAJALAYA,3204120006.0,BIRU,2021.0,3,SEDANG,1,0,1,0,0,1,0,0,0
3204120.0,MAJALAYA,3204120007.0,SUKAMAJU,2019.0,2,RENDAH,1,0,0,0,0,0,1,0,0
3204120.0,MAJALAYA,3204120007.0,SUKAMAJU,2020.0,1,RENDAH,1,0,0,0,0,0,0,0,0
3204120.0,MAJALAYA,3204120007.0,SUKAMAJU,2021.0,1,RENDAH,1,0,0,0,0,0,0,0,0
3204120.0,MAJALAYA,3204120008.0,MAJASETRA,2019.0,1,RENDAH,0,0,0,0,0,1,0,0,0
3204120.0,MAJALAYA,3204120008.0,MAJASETRA,2020.0,2,RENDAH,0,0,0,1,0,1,0,0,0
3204120.0,MAJALAYA,3204120008.0,MAJASETRA,2021.0,1,RENDAH,0,0,0,0,0,1,0,0,0
3204120.0,MAJALAYA,3204120009.0,MAJALAYA,2019.0,7,TINGGI,1,1,1,1,0,1,1,0,1
3204120.0,MAJALAYA,3204120009.0,MAJALAYA,2020.0,3,SEDANG,1,1,1,0,0,0,0,0,0
3204120.0,MAJALAYA,3204120009.0,MAJALAYA,2021.0,3,SEDANG,1,1,1,0,0,0,0,0,0
3204120.0,MAJALAYA,3204120010.0,MAJAKERTA,2019.0,5,TINGGI,1,1,1,0,0,1,1,0,0
3204120.0,MAJALAYA,3204120010.0,MAJAKERTA,2020.0,0,AMAN,0,0,0,0,0,0,0,0,0
3204120.0,MAJALAYA,3204120010.0,MAJAKERTA,2021.0,0,AMAN,0,0,0,0,0,0,0,0,0
3204120.0,MAJALAYA,3204120011.0,BOJONG,2019.0,5,TINGGI,1,1,1,0,0,1,0,0,1
3204120.0,MAJALAYA,3204120011.0,BOJONG,2020.0,1,RENDAH,0,0,1,0,0,0,0,0,0
3204120.0,MAJALAYA,3204120011.0,BOJONG,2021.0,1,RENDAH,0,0,1,0,0,0,0,0,0
3204121.0,SOLOKANJERUK,3204121001.0,PANYADAP,2019.0,3,SEDANG,1,1,1,0,0,0,0,0,0
3204121.0,SOLOKANJERUK,3204121001.0,PANYADAP,2020.0,0,AMAN,0,0,0,0,0,0,0,0,0
3204121.0,SOLOKANJERUK,3204121001.0,PANYADAP,2021.0,0,AMAN,0,0,0,0,0,0,0,0,0
3204121.0,SOLOKANJERUK,3204121002.0,PADAMUKTI,2019.0,3,SEDANG,1,1,1,0,0,0,0,0,0
3204121.0,SOLOKANJERUK,3204121002.0,PADAMUKTI,2020.0,0,AMAN,0,0,0,0,0,0,0,0,0
3204121.0,SOLOKANJERUK,3204121002.0,PADAMUKTI,2021.0,0,AMAN,0,0,0,0,0,0,0,0,0
3204121.0,SOLOKANJERUK,3204121003.0,CIBODAS,2019.0,3,SEDANG,1,1,1,0,0,0,0,0,0
3204121.0,SOLOKANJERUK,3204121003.0,CIBODAS,2020.0,0,AMAN,0,0,0,0,0,0,0,0,0
3204121.0,SOLOKANJERUK,3204121003.0,CIBODAS,2021.0,0,AMAN,0,0,0,0,0,0,0,0,0
3204121.0,SOLOKANJERUK,3204121004.0,LANGENSARI,2019.0,3,SEDANG,1,1,1,0,0,0,0,0,0
3204121.0,SOLOKANJERUK,3204121004.0,LANGENSARI,2020.0,0,AMAN,0,0,0,0,0,0,0,0,0
3204121.0,SOLOKANJERUK,3204121004.0,LANGENSARI,2021.0,0,AMAN,0,0,0,0,0,0,0,0,0
3204121.0,SOLOKANJERUK,3204121005.0,SOLOKANJERUK,2019.0,3,SEDANG,1,1,1,0,0,0,0,0,0
3204121.0,SOLOKANJERUK,3204121005.0,SOLOKANJERUK,2020.0,0,AMAN,0,0,0,0,0,0,0,0,0
3204121.0,SOLOKANJERUK,3204121005.0,SOLOKANJERUK,2021.0,0,AMAN,0,0,0,0,0,0,0,0,0
3204121.0,SOLOKANJERUK,3204121006.0,RANCAKASUMBA,2019.0,3,SEDANG,1,1,1,0,0,0,0,0,0
3204121.0,SOLOKANJERUK,3204121006.0,RANCAKASUMBA,2020.0,0,AMAN,0,0,0,0,0,0,0,0,0
3204121.0,SOLOKANJERUK,3204121006.0,RANCAKASUMBA,2021.0,0,AMAN,0,0,0,0,0,0,0,0,0
3204121.0,SOLOKANJERUK,3204121007.0,BOJONGEMAS,2019.0,1,RENDAH,1,0,0,0,0,0,0,0,0
3204121.0,SOLOKANJERUK,3204121007.0,BOJONGEMAS,2020.0,0,AMAN,0,0,0,0,0,0,0,0,0
3204121.0,SOLOKANJERUK,3204121007.0,BOJONGEMAS,2021.0,0,AMAN,0,0,0,0,0,0,0,0,0
3204130.0,CIPARAY,3204130001.0,BABAKAN,2019.0,1,RENDAH,1,0,0,0,0,0,0,0,0
3204130.0,CIPARAY,3204130001.0,BABAKAN,2020.0,1,RENDAH,1,0,0,0,0,0,0,0,0
3204130.0,CIPARAY,3204130001.0,BABAKAN,2021.0,1,RENDAH,1,0,0,0,0,0,0,0,0
3204130.0,CIPARAY,3204130002.0,CIKONENG,2019.0,1,RENDAH,1,0,0,0,0,0,0,0,0
3204130.0,CIPARAY,3204130002.0,CIKONENG,2020.0,0,AMAN,0,0,0,0,0,0,0,0,0
3204130.0,CIPARAY,3204130002.0,CIKONENG,2021.0,0,AMAN,0,0,0,0,0,0,0,0,0
3204130.0,CIPARAY,3204130003.0,SAGARACIPTA,2019.0,1,RENDAH,1,0,0,0,0,0,0,0,0
3204130.0,CIPARAY,3204130003.0,SAGARACIPTA,2020.0,0,AMAN,0,0,0,0,0,0,0,0,0
3204130.0,CIPARAY,3204130003.0,SAGARACIPTA,2021.0,0,AMAN,0,0,0,0,0,0,0,0,0
3204130.0,CIPARAY,3204130004.0,PAKUTANDANG,2019.0,3,SEDANG,1,0,0,0,0,1,1,0,0
3204130.0,CIPARAY,3204130004.0,PAKUTANDANG,2020.0,5,TINGGI,1,0,1,0,1,1,1,0,0
3204130.0,CIPARAY,3204130004.0,PAKUTANDANG,2021.0,5,TINGGI,1,0,1,0,1,1,1,0,0
3204130.0,CIPARAY,3204130005.0,MANGUNHARJA,2019.0,0,AMAN,0,0,0,0,0,0,0,0,0
3204130.0,CIPARAY,3204130005.0,MANGUNHARJA,2020.0,0,AMAN,0,0,0,0,0,0,0,0,0
3204130.0,CIPARAY,3204130005.0,MANGUNHARJA,2021.0,0,AMAN,0,0,0,0,0,0,0,0,0
3204130.0,CIPARAY,3204130006.0,MEKARSARI,2019.0,0,AMAN,0,0,0,0,0,0,0,0,0
3204130.0,CIPARAY,3204130006.0,MEKARSARI,2020.0,0,AMAN,0,0,0,0,0,0,0,0,0
3204130.0,CIPARAY,3204130006.0,MEKARSARI,2021.0,0,AMAN,0,0,0,0,0,0,0,0,0
3204130.0,CIPARAY,3204130007.0,CIPARAY,2019.0,0,AMAN,0,0,0,0,0,0,0,0,0
3204130.0,CIPARAY,3204130007.0,CIPARAY,2020.0,0,AMAN,0,0,0,0,0,0,0,0,0
3204130.0,CIPARAY,3204130007.0,CIPARAY,2021.0,0,AMAN,0,0,0,0,0,0,0,0,0
3204130.0,CIPARAY,3204130008.0,SUMBERSARI,2019.0,1,RENDAH,1,0,0,0,0,0,0,0,0
3204130.0,CIPARAY,3204130008.0,SUMBERSARI,2020.0,1,RENDAH,1,0,0,0,0,0,0,0,0
3204130.0,CIPARAY,3204130008.0,SUMBERSARI,2021.0,1,RENDAH,1,0,0,0,0,0,0,0,0
3204130.0,CIPARAY,3204130009.0,SARIMAHI,2019.0,3,SEDANG,1,1,1,0,0,0,0,0,0
3204130.0,CIPARAY,3204130009.0,SARIMAHI,2020.0,3,SEDANG,1,1,0,0,0,1,0,0,0
3204130.0,CIPARAY,3204130009.0,SARIMAHI,2021.0,3,SEDANG,1,1,0,0,0,1,0,0,0
3204130.0,CIPARAY,3204130010.0,SERANGMEKAR,2019.0,5,TINGGI,1,1,1,0,0,1,1,0,0
3204130.0,CIPARAY,3204130010.0,SERANGMEKAR,2020.0,4,SEDANG,1,1,1,0,0,1,0,0,0
3204130.0,CIPARAY,3204130010.0,SERANGMEKAR,2021.0,4,SEDANG,1,1,0,0,0,1,1,0,0
3204130.0,CIPARAY,3204130011.0,GUNUNGLEUTIK,2019.0,2,RENDAH,1,0,0,0,0,0,1,0,0
3204130.0,CIPARAY,3204130011.0,GUNUNGLEUTIK,2020.0,0,AMAN,0,0,0,0,0,0,0,0,0
3204130.0,CIPARAY,3204130011.0,GUNUNGLEUTIK,2021.0,0,AMAN,0,0,0,0,0,0,0,0,0
3204130.0,CIPARAY,3204130012.0,CIHEULANG,2019.0,1,RENDAH,1,0,0,0,0,0,0,0,0
3204130.0,CIPARAY,3204130012.0,CIHEULANG,2020.0,1,RENDAH,1,0,0,0,0,0,0,0,0
3204130.0,CIPARAY,3204130012.0,CIHEULANG,2021.0,1,RENDAH,1,0,0,0,0,0,0,0,0
3204130.0,CIPARAY,3204130013.0,MEKARLAKSANA,2019.0,1,RENDAH,1,0,0,0,0,0,0,0,0
3204130.0,CIPARAY,3204130013.0,MEKARLAKSANA,2020.0,2,RENDAH,1,1,0,0,0,0,0,0,0
3204130.0,CIPARAY,3204130013.0,MEKARLAKSANA,2021.0,2,RENDAH,1,1,0,0,0,0,0,0,0
3204130.0,CIPARAY,3204130014.0,BUMIWANGI,2019.0,0,AMAN,0,0,0,0,0,0,0,0,0
3204130.0,CIPARAY,3204130014.0,BUMIWANGI,2020.0,1,RENDAH,1,0,0,0,0,0,0,0,0
3204130.0,CIPARAY,3204130014.0,BUMIWANGI,2021.0,1,RENDAH,1,0,0,0,0,0,0,0,0
3204140.0,BALEENDAH,3204140005.0,MALAKASARI,2019.0,1,RENDAH,1,0,0,0,0,0,0,0,0
3204140.0,BALEENDAH,3204140005.0,MALAKASARI,2020.0,3,SEDANG,1,1,1,0,0,0,0,0,0
3204140.0,BALEENDAH,3204140005.0,MALAKASARI,2021.0,3,SEDANG,1,1,1,0,0,0,0,0,0
3204140.0,BALEENDAH,3204140006.0,BOJONGMALAKA,2019.0,7,TINGGI,1,0,1,0,1,1,1,1,1
3204140.0,BALEENDAH,3204140006.0,BOJONGMALAKA,2020.0,7,TINGGI,1,0,1,0,1,1,1,1,1
3204140.0,BALEENDAH,3204140006.0,BOJONGMALAKA,2021.0,1,RENDAH,1,0,0,0,0,0,0,0,0
3204140.0,BALEENDAH,3204140007.0,RANCAMANYAR,2019.0,4,SEDANG,1,1,1,0,0,1,0,0,0
3204140.0,BALEENDAH,3204140007.0,RANCAMANYAR,2020.0,4,SEDANG,1,1,1,0,0,1,0,0,0
3204140.0,BALEENDAH,3204140007.0,RANCAMANYAR,2021.0,4,SEDANG,1,1,1,0,0,1,0,0,0
3204150.0,ARJASARI,3204150001.0,BATUKARUT,2019.0,3,SEDANG,1,1,0,0,0,0,0,1,0
3204150.0,ARJASARI,3204150001.0,BATUKARUT,2020.0,0,AMAN,0,0,0,0,0,0,0,0,0
3204150.0,ARJASARI,3204150001.0,BATUKARUT,2021.0,0,AMAN,0,0,0,0,0,0,0,0,0
3204150.0,ARJASARI,3204150002.0,MANGUNJAYA,2019.0,2,RENDAH,1,1,0,0,0,0,0,0,0
3204150.0,ARJASARI,3204150002.0,MANGUNJAYA,2020.0,3,SEDANG,1,1,0,0,0,0,1,0,0
3204150.0,ARJASARI,3204150002.0,MANGUNJAYA,2021.0,5,TINGGI,1,1,1,0,0,1,1,0,0
3204150.0,ARJASARI,3204150003.0,MEKARJAYA,2019.0,3,SEDANG,1,1,0,1,0,0,0,0,0
3204150.0,ARJASARI,3204150003.0,MEKARJAYA,2020.0,2,RENDAH,1,0,0,0,0,0,1,0,0
3204150.0,ARJASARI,3204150003.0,MEKARJAYA,2021.0,2,RENDAH,1,0,0,0,0,0,1,0,0
3204150.0,ARJASARI,3204150004.0,BAROS,2019.0,3,SEDANG,1,1,1,0,0,0,0,0,0
3204150.0,ARJASARI,3204150004.0,BAROS,2020.0,2,RENDAH,1,1,0,0,0,0,0,0,0
3204150.0,ARJASARI,3204150004.0,BAROS,2021.0,2,RENDAH,1,1,0,0,0,0,0,0,0
3204150.0,ARJASARI,3204150005.0,LEBAKWANGI,2019.0,1,RENDAH,1,0,0,0,0,0,0,0,0
3204150.0,ARJASARI,3204150005.0,LEBAKWANGI,2020.0,0,AMAN,0,0,0,0,0,0,0,0,0
3204150.0,ARJASARI,3204150005.0,LEBAKWANGI,2021.0,0,AMAN,0,0,0,0,0,0,0,0,0
3204150.0,ARJASARI,3204150006.0,WARGALUYU,2019.0,0,AMAN,0,0,0,0,0,0,0,0,0
3204150.0,ARJASARI,3204150006.0,WARGALUYU,2020.0,0,AMAN,0,0,0,0,0,0,0,0,0
3204150.0,ARJASARI,3204150006.0,WARGALUYU,2021.0,0,AMAN,0,0,0,0,0,0,0,0,0
3204150.0,ARJASARI,3204150007.0,ARJASARI,2019.0,5,TINGGI,1,1,1,1,1,0,0,0,0
3204150.0,ARJASARI,3204150007.0,ARJASARI,2020.0,1,RENDAH,1,0,0,0,0,0,0,0,0
3204150.0,ARJASARI,3204150007.0,ARJASARI,2021.0,1,RENDAH,1,0,0,0,0,0,0,0,0
3204150.0,ARJASARI,3204150008.0,PINGGIRSARI,2019.0,1,RENDAH,1,0,0,0,0,0,0,0,0
3204150.0,ARJASARI,3204150008.0,PINGGIRSARI,2020.0,0,AMAN,0,0,0,0,0,0,0,0,0
3204150.0,ARJASARI,3204150008.0,PINGGIRSARI,2021.0,0,AMAN,0,0,0,0,0,0,0,0,0
3204150.0,ARJASARI,3204150009.0,PATROLSARI,2019.0,1,RENDAH,1,0,0,0,0,0,0,0,0
3204150.0,ARJASARI,3204150009.0,PATROLSARI,2020.0,2,RENDAH,1,0,0,0,0,1,0,0,0
3204150.0,ARJASARI,3204150009.0,PATROLSARI,2021.0,2,RENDAH,1,0,0,0,0,1,0,0,0
3204150.0,ARJASARI,3204150010.0,RANCAKOLE,2019.0,0,AMAN,0,0,0,0,0,0,0,0,0
3204150.0,ARJASARI,3204150010.0,RANCAKOLE,2020.0,2,RENDAH,1,1,0,0,0,0,0,0,0
3204150.0,ARJASARI,3204150010.0,RANCAKOLE,2021.0,0,AMAN,0,0,0,0,0,0,0,0,0
3204150.0,ARJASARI,3204150011.0,ANCOLMEKAR,2019.0,2,RENDAH,0,1,1,0,0,0,0,0,0
3204150.0,ARJASARI,3204150011.0,ANCOLMEKAR,2020.0,0,AMAN,0,0,0,0,0,0,0,0,0
3204150.0,ARJASARI,3204150011.0,ANCOLMEKAR,2021.0,0,AMAN,0,0,0,0,0,0,0,0,0
3204160.0,BANJARAN,3204160001.0,MEKARJAYA,2019.0,1,RENDAH,1,0,0,0,0,0,0,0,0
3204160.0,BANJARAN,3204160001.0,MEKARJAYA,2020.0,1,RENDAH,1,0,0,0,0,0,0,0,0
3204160.0,BANJARAN,3204160001.0,MEKARJAYA,2021.0,1,RENDAH,1,0,0,0,0,0,0,0,0
3204160.0,BANJARAN,3204160002.0,BANJARAN WETAN,2019.0,0,AMAN,0,0,0,0,0,0,0,0,0
3204160.0,BANJARAN,3204160002.0,BANJARAN WETAN,2020.0,0,AMAN,0,0,0,0,0,0,0,0,0
3204160.0,BANJARAN,3204160002.0,BANJARAN WETAN,2021.0,0,AMAN,0,0,0,0,0,0,0,0,0
3204160.0,BANJARAN,3204160003.0,CIAPUS,2019.0,0,AMAN,0,0,0,0,0,0,0,0,0
3204160.0,BANJARAN,3204160003.0,CIAPUS,2020.0,0,AMAN,0,0,0,0,0,0,0,0,0
3204160.0,BANJARAN,3204160003.0,CIAPUS,2021.0,0,AMAN,0,0,0,0,0,0,0,0,0
3204160.0,BANJARAN,3204160004.0,SINDANGPANON,2019.0,1,RENDAH,1,0,0,0,0,0,0,0,0
3204160.0,BANJARAN,3204160004.0,SINDANGPANON,2020.0,2,RENDAH,1,1,0,0,0,0,0,0,0
3204160.0,BANJARAN,3204160004.0,SINDANGPANON,2021.0,0,AMAN,0,0,0,0,0,0,0,0,0
3204160.0,BANJARAN,3204160005.0,NEGLASARI,2019.0,0,AMAN,0,0,0,0,0,0,0,0,0
3204160.0,BANJARAN,3204160005.0,NEGLASARI,2020.0,1,RENDAH,1,0,0,0,0,0,0,0,0
3204160.0,BANJARAN,3204160005.0,NEGLASARI,2021.0,1,RENDAH,1,0,0,0,0,0,0,0,0
3204160.0,BANJARAN,3204160006.0,MARGAHURIP,2019.0,0,AMAN,0,0,0,0,0,0,0,0,0
3204160.0,BANJARAN,3204160006.0,MARGAHURIP,2020.0,1,RENDAH,1,0,0,0,0,0,0,0,0
3204160.0,BANJARAN,3204160006.0,MARGAHURIP,2021.0,1,RENDAH,1,0,0,0,0,0,0,0,0
3204160.0,BANJARAN,3204160007.0,KIANGROKE,2019.0,0,AMAN,0,0,0,0,0,0,0,0,0
3204160.0,BANJARAN,3204160007.0,KIANGROKE,2020.0,1,RENDAH,1,0,0,0,0,0,0,0,0
3204160.0,BANJARAN,3204160007.0,KIANGROKE,2021.0,1,RENDAH,1,0,0,0,0,0,0,0,0
3204160.0,BANJARAN,3204160008.0,KAMASAN,2019.0,2,RENDAH,1,0,0,0,0,1,0,0,0
3204160.0,BANJARAN,3204160008.0,KAMASAN,2020.0,2,RENDAH,1,1,0,0,0,0,0,0,0
3204160.0,BANJARAN,3204160008.0,KAMASAN,2021.0,2,RENDAH,1,1,0,0,0,0,0,0,0
3204160.0,BANJARAN,3204160009.0,BANJARAN KULON,2019.0,1,RENDAH,1,0,0,0,0,0,0,0,0
3204160.0,BANJARAN,3204160009.0,BANJARAN KULON,2020.0,0,AMAN,0,0,0,0,0,0,0,0,0
3204160.0,BANJARAN,3204160009.0,BANJARAN KULON,2021.0,0,AMAN,0,0,0,0,0,0,0,0,0
3204160.0,BANJARAN,3204160010.0,TARAJUSARI,2019.0,0,AMAN,0,0,0,0,0,0,0,0,0
3204160.0,BANJARAN,3204160010.0,TARAJUSARI,2020.0,0,AMAN,0,0,0,0,0,0,0,0,0
3204160.0,BANJARAN,3204160010.0,TARAJUSARI,2021.0,0,AMAN,0,0,0,0,0,0,0,0,0
3204160.0,BANJARAN,3204160011.0,PASIRMULYA,2019.0,0,AMAN,0,0,0,0,0,0,0,0,0
3204160.0,BANJARAN,3204160011.0,PASIRMULYA,2020.0,0,AMAN,0,0,0,0,0,0,0,0,0
3204160.0,BANJARAN,3204160011.0,PASIRMULYA,2021.0,0,AMAN,0,0,0,0,0,0,0,0,0
3204161.0,CANGKUANG,3204161001.0,JATISARI,2019.0,0,AMAN,0,0,0,0,0,0,0,0,0
3204161.0,CANGKUANG,3204161001.0,JATISARI,2020.0,1,RENDAH,1,0,0,0,0,0,0,0,0
3204161.0,CANGKUANG,3204161001.0,JATISARI,2021.0,1,RENDAH,1,0,0,0,0,0,0,0,0
3204161.0,CANGKUANG,3204161002.0,NAGRAK,2019.0,1,RENDAH,1,0,0,0,0,0,0,0,0
3204161.0,CANGKUANG,3204161002.0,NAGRAK,2020.0,1,RENDAH,1,0,0,0,0,0,0,0,0
3204161.0,CANGKUANG,3204161002.0,NAGRAK,2021.0,2,RENDAH,1,1,0,0,0,0,0,0,0
3204161.0,CANGKUANG,3204161003.0,BANDASARI,2019.0,3,SEDANG,1,1,1,0,0,0,0,0,0
3204161.0,CANGKUANG,3204161003.0,BANDASARI,2020.0,0,AMAN,0,0,0,0,0,0,0,0,0
3204161.0,CANGKUANG,3204161003.0,BANDASARI,2021.0,0,AMAN,0,0,0,0,0,0,0,0,0
3204161.0,CANGKUANG,3204161004.0,PANANJUNG,2019.0,1,RENDAH,1,0,0,0,0,0,0,0,0
3204161.0,CANGKUANG,3204161004.0,PANANJUNG,2020.0,1,RENDAH,1,0,0,0,0,0,0,0,0
3204161.0,CANGKUANG,3204161004.0,PANANJUNG,2021.0,1,RENDAH,1,0,0,0,0,0,0,0,0
3204161.0,CANGKUANG,3204161005.0,CILUNCAT,2019.0,3,SEDANG,1,1,1,0,0,0,0,0,0
3204161.0,CANGKUANG,3204161005.0,CILUNCAT,2020.0,0,AMAN,0,0,0,0,0,0,0,0,0
3204161.0,CANGKUANG,3204161005.0,CILUNCAT,2021.0,3,SEDANG,1,1,0,0,0,0,1,0,0
3204161.0,CANGKUANG,3204161006.0,CANGKUANG,2019.0,0,AMAN,0,0,0,0,0,0,0,0,0
3204161.0,CANGKUANG,3204161006.0,CANGKUANG,2020.0,1,RENDAH,1,0,0,0,0,0,0,0,0
3204161.0,CANGKUANG,3204161006.0,CANGKUANG,2021.0,1,RENDAH,1,0,0,0,0,0,0,0,0
3204161.0,CANGKUANG,3204161007.0,TANJUNGSARI,2019.0,0,AMAN,0,0,0,0,0,0,0,0,0
3204161.0,CANGKUANG,3204161007.0,TANJUNGSARI,2020.0,3,SEDANG,1,1,1,0,0,0,0,0,0
3204161.0,CANGKUANG,3204161007.0,TANJUNGSARI,2021.0,3,SEDANG,1,1,1,0,0,0,0,0,0
3204170.0,PAMEUNGPEUK,3204170001.0,BOJONGMANGGU,2019.0,3,SEDANG,1,1,1,0,0,0,0,0,0
3204170.0,PAMEUNGPEUK,3204170001.0,BOJONGMANGGU,2020.0,3,SEDANG,1,1,0,0,0,1,0,0,0
3204170.0,PAMEUNGPEUK,3204170001.0,BOJONGMANGGU,2021.0,3,SEDANG,1,1,0,0,0,1,0,0,0
3204170.0,PAMEUNGPEUK,3204170002.0,LANGONSARI,2019.0,1,RENDAH,1,0,0,0,0,0,0,0,0
3204170.0,PAMEUNGPEUK,3204170002.0,LANGONSARI,2020.0,1,RENDAH,1,0,0,0,0,0,0,0,0
3204170.0,PAMEUNGPEUK,3204170002.0,LANGONSARI,2021.0,1,RENDAH,1,0,0,0,0,0,0,0,0
3204170.0,PAMEUNGPEUK,3204170003.0,SUKASARI,2019.0,2,RENDAH,1,1,0,0,0,0,0,0,0
3204170.0,PAMEUNGPEUK,3204170003.0,SUKASARI,2020.0,1,RENDAH,1,0,0,0,0,0,0,0,0
3204170.0,PAMEUNGPEUK,3204170003.0,SUKASARI,2021.0,1,RENDAH,1,0,0,0,0,0,0,0,0
3204170.0,PAMEUNGPEUK,3204170004.0,RANCAMULYA,2019.0,1,RENDAH,1,0,0,0,0,0,0,0,0
3204170.0,PAMEUNGPEUK,3204170004.0,RANCAMULYA,2020.0,1,RENDAH,1,0,0,0,0,0,0,0,0
3204170.0,PAMEUNGPEUK,3204170004.0,RANCAMULYA,2021.0,1,RENDAH,1,0,0,0,0,0,0,0,0
3204170.0,PAMEUNGPEUK,3204170005.0,RANCATUNGKU,2019.0,2,RENDAH,1,0,1,0,0,0,0,0,0
3204170.0,PAMEUNGPEUK,3204170005.0,RANCATUNGKU,2020.0,3,SEDANG,1,0,1,0,0,0,1,0,0
3204170.0,PAMEUNGPEUK,3204170005.0,RANCATUNGKU,2021.0,3,SEDANG,1,0,1,0,0,0,1,0,0
3204170.0,PAMEUNGPEUK,3204170006.0,BOJONGKUNCI,2019.0,1,RENDAH,1,0,0,0,0,0,0,0,0
3204170.0,PAMEUNGPEUK,3204170006.0,BOJONGKUNCI,2020.0,3,SEDANG,1,1,1,0,0,0,0,0,0
3204170.0,PAMEUNGPEUK,3204170006.0,BOJONGKUNCI,2021.0,2,RENDAH,1,1,0,0,0,0,0,0,0
3204180.0,KATAPANG,3204180004.0,GANDASARI,2019.0,5,TINGGI,1,1,1,0,0,1,1,0,0
3204180.0,KATAPANG,3204180004.0,GANDASARI,2020.0,7,TINGGI,1,1,1,0,0,1,1,1,1
3204180.0,KATAPANG,3204180004.0,GANDASARI,2021.0,7,TINGGI,1,1,1,0,0,1,1,1,1
3204180.0,KATAPANG,3204180005.0,KATAPANG,2019.0,1,RENDAH,1,0,0,0,0,0,0,0,0
3204180.0,KATAPANG,3204180005.0,KATAPANG,2020.0,0,AMAN,0,0,0,0,0,0,0,0,0
3204180.0,KATAPANG,3204180005.0,KATAPANG,2021.0,0,AMAN,0,0,0,0,0,0,0,0,0
3204180.0,KATAPANG,3204180006.0,CILAMPENI,2019.0,5,TINGGI,1,1,1,0,0,1,1,0,0
3204180.0,KATAPANG,3204180006.0,CILAMPENI,2020.0,3,SEDANG,1,1,1,0,0,0,0,0,0
3204180.0,KATAPANG,3204180006.0,CILAMPENI,2021.0,3,SEDANG,1,1,1,0,0,0,0,0,0
3204180.0,KATAPANG,3204180007.0,PANGAUBAN,2019.0,1,RENDAH,1,0,0,0,0,0,0,0,0
3204180.0,KATAPANG,3204180007.0,PANGAUBAN,2020.0,1,RENDAH,1,0,0,0,0,0,0,0,0
3204180.0,KATAPANG,3204180007.0,PANGAUBAN,2021.0,0,AMAN,0,0,0,0,0,0,0,0,0
3204180.0,KATAPANG,3204180008.0,BANYUSARI,2019.0,3,SEDANG,1,1,1,0,0,0,0,0,0
3204180.0,KATAPANG,3204180008.0,BANYUSARI,2020.0,2,RENDAH,1,0,1,0,0,0,0,0,0
3204180.0,KATAPANG,3204180008.0,BANYUSARI,2021.0,2,RENDAH,1,0,1,0,0,0,0,0,0
3204180.0,KATAPANG,3204180009.0,SANGKANHURIP,2019.0,6,TINGGI,1,1,1,0,0,0,1,1,1
3204180.0,KATAPANG,3204180009.0,SANGKANHURIP,2020.0,6,TINGGI,1,1,1,0,0,0,1,1,1
3204180.0,KATAPANG,3204180009.0,SANGKANHURIP,2021.0,6,TINGGI,1,1,1,0,0,0,1,1,1
3204180.0,KATAPANG,3204180010.0,SUKAMUKTI,2019.0,0,AMAN,0,0,0,0,0,0,0,0,0
3204180.0,KATAPANG,3204180010.0,SUKAMUKTI,2020.0,0,AMAN,0,0,0,0,0,0,0,0,0
3204180.0,KATAPANG,3204180010.0,SUKAMUKTI,2021.0,0,AMAN,0,0,0,0,0,0,0,0,0
3204190.0,SOREANG,3204190002.0,SADU,2019.0,1,RENDAH,0,0,0,0,0,0,0,1,0
3204190.0,SOREANG,3204190002.0,SADU,2020.0,1,RENDAH,1,0,0,0,0,0,0,0,0
3204190.0,SOREANG,3204190002.0,SADU,2021.0,1,RENDAH,1,0,0,0,0,0,0,0,0
3204190.0,SOREANG,3204190003.0,SUKAJADI,2019.0,0,AMAN,0,0,0,0,0,0,0,0,0
3204190.0,SOREANG,3204190003.0,SUKAJADI,2020.0,2,RENDAH,1,0,0,0,0,0,1,0,0
3204190.0,SOREANG,3204190003.0,SUKAJADI,2021.0,2,RENDAH,1,0,0,0,0,0,1,0,0
3204190.0,SOREANG,3204190004.0,SUKANAGARA,2019.0,0,AMAN,0,0,0,0,0,0,0,0,0
3204190.0,SOREANG,3204190004.0,SUKANAGARA,2020.0,1,RENDAH,1,0,0,0,0,0,0,0,0
3204190.0,SOREANG,3204190004.0,SUKANAGARA,2021.0,5,TINGGI,1,1,1,0,1,0,0,1,0
3204190.0,SOREANG,3204190005.0,PANYIRAPAN,2019.0,0,AMAN,0,0,0,0,0,0,0,0,0
3204190.0,SOREANG,3204190005.0,PANYIRAPAN,2020.0,1,RENDAH,1,0,0,0,0,0,0,0,0
3204190.0,SOREANG,3204190005.0,PANYIRAPAN,2021.0,1,RENDAH,1,0,0,0,0,0,0,0,0
3204190.0,SOREANG,3204190006.0,KARAMATMULYA,2019.0,0,AMAN,0,0,0,0,0,0,0,0,0
3204190.0,SOREANG,3204190006.0,KARAMATMULYA,2020.0,1,RENDAH,1,0,0,0,0,0,0,0,0
3204190.0,SOREANG,3204190006.0,KARAMATMULYA,2021.0,1,RENDAH,1,0,0,0,0,0,0,0,0
3204190.0,SOREANG,3204190007.0,SOREANG,2019.0,5,TINGGI,1,1,1,0,0,1,1,0,0
3204190.0,SOREANG,3204190007.0,SOREANG,2020.0,1,RENDAH,1,0,0,0,0,0,0,0,0
3204190.0,SOREANG,3204190007.0,SOREANG,2021.0,1,RENDAH,1,0,0,0,0,0,0,0,0
3204190.0,SOREANG,3204190008.0,PAMEKARAN,2019.0,1,RENDAH,1,0,0,0,0,0,0,0,0
3204190.0,SOREANG,3204190008.0,PAMEKARAN,2020.0,4,SEDANG,1,1,1,0,1,0,0,0,0
3204190.0,SOREANG,3204190008.0,PAMEKARAN,2021.0,2,RENDAH,1,0,0,0,0,0,1,0,0
3204190.0,SOREANG,3204190019.0,PARUNGSERAB,2019.0,2,RENDAH,1,0,1,0,0,0,0,0,0
3204190.0,SOREANG,3204190019.0,PARUNGSERAB,2020.0,3,SEDANG,1,1,1,0,0,0,0,0,0
3204190.0,SOREANG,3204190019.0,PARUNGSERAB,2021.0,3,SEDANG,1,1,1,0,0,0,0,0,0
3204190.0,SOREANG,3204190020.0,SEKARWANGI,2019.0,0,AMAN,0,0,0,0,0,0,0,0,0
3204190.0,SOREANG,3204190020.0,SEKARWANGI,2020.0,1,RENDAH,1,0,0,0,0,0,0,0,0
3204190.0,SOREANG,3204190020.0,SEKARWANGI,2021.0,1,RENDAH,1,0,0,0,0,0,0,0,0
3204190.0,SOREANG,3204190021.0,CINGCIN,2019.0,0,AMAN,0,0,0,0,0,0,0,0,0
3204190.0,SOREANG,3204190021.0,CINGCIN,2020.0,2,RENDAH,1,0,0,0,0,1,0,0,0
3204190.0,SOREANG,3204190021.0,CINGCIN,2021.0,2,RENDAH,1,0,0,0,0,1,0,0,0
3204191.0,KUTAWARINGIN,3204191001.0,CILAME,2019.0,1,RENDAH,1,0,0,0,0,0,0,0,0
3204191.0,KUTAWARINGIN,3204191001.0,CILAME,2020.0,4,SEDANG,1,1,1,0,0,0,1,0,0
3204191.0,KUTAWARINGIN,3204191001.0,CILAME,2021.0,1,RENDAH,1,0,0,0,0,0,0,0,0
3204191.0,KUTAWARINGIN,3204191002.0,BUNINAGARA,2019.0,2,RENDAH,1,0,1,0,0,0,0,0,0
3204191.0,KUTAWARINGIN,3204191002.0,BUNINAGARA,2020.0,1,RENDAH,1,0,0,0,0,0,0,0,0
3204191.0,KUTAWARINGIN,3204191002.0,BUNINAGARA,2021.0,1,RENDAH,1,0,0,0,0,0,0,0,0
3204191.0,KUTAWARINGIN,3204191003.0,PADASUKA,2019.0,1,RENDAH,1,0,0,0,0,0,0,0,0
3204191.0,KUTAWARINGIN,3204191003.0,PADASUKA,2020.0,1,RENDAH,1,0,0,0,0,0,0,0,0
3204191.0,KUTAWARINGIN,3204191003.0,PADASUKA,2021.0,1,RENDAH,1,0,0,0,0,0,0,0,0
3204191.0,KUTAWARINGIN,3204191004.0,SUKAMULYA,2019.0,4,SEDANG,1,1,0,1,0,1,0,0,0
3204191.0,KUTAWARINGIN,3204191004.0,SUKAMULYA,2020.0,1,RENDAH,1,0,0,0,0,0,0,0,0
3204191.0,KUTAWARINGIN,3204191004.0,SUKAMULYA,2021.0,1,RENDAH,1,0,0,0,0,0,0,0,0
3204191.0,KUTAWARINGIN,3204191005.0,KUTAWARINGIN,2019.0,1,RENDAH,1,0,0,0,0,0,0,0,0
3204191.0,KUTAWARINGIN,3204191005.0,KUTAWARINGIN,2020.0,0,AMAN,0,0,0,0,0,0,0,0,0
3204191.0,KUTAWARINGIN,3204191005.0,KUTAWARINGIN,2021.0,1,RENDAH,1,0,0,0,0,0,0,0,0
3204191.0,KUTAWARINGIN,3204191006.0,KOPO,2019.0,1,RENDAH,1,0,0,0,0,0,0,0,0
3204191.0,KUTAWARINGIN,3204191006.0,KOPO,2020.0,4,SEDANG,1,1,0,0,0,1,1,0,0
3204191.0,KUTAWARINGIN,3204191006.0,KOPO,2021.0,4,SEDANG,1,1,0,0,0,1,1,0,0
3204191.0,KUTAWARINGIN,3204191007.0,CIBODAS,2019.0,1,RENDAH,1,0,0,0,0,0,0,0,0
3204191.0,KUTAWARINGIN,3204191007.0,CIBODAS,2020.0,2,RENDAH,1,1,0,0,0,0,0,0,0
3204191.0,KUTAWARINGIN,3204191007.0,CIBODAS,2021.0,2,RENDAH,1,1,0,0,0,0,0,0,0
3204191.0,KUTAWARINGIN,3204191008.0,JATISARI,2019.0,0,AMAN,0,0,0,0,0,0,0,0,0
3204191.0,KUTAWARINGIN,3204191008.0,JATISARI,2020.0,1,RENDAH,1,0,0,0,0,0,0,0,0
3204191.0,KUTAWARINGIN,3204191008.0,JATISARI,2021.0,0,AMAN,0,0,0,0,0,0,0,0,0
3204191.0,KUTAWARINGIN,3204191009.0,JELEGONG,2019.0,1,RENDAH,1,0,0,0,0,0,0,0,0
3204191.0,KUTAWARINGIN,3204191009.0,JELEGONG,2020.0,2,RENDAH,1,0,1,0,0,0,0,0,0
3204191.0,KUTAWARINGIN,3204191009.0,JELEGONG,2021.0,2,RENDAH,1,0,1,0,0,0,0,0,0
3204191.0,KUTAWARINGIN,3204191010.0,GAJAH MEKAR,2019.0,1,RENDAH,1,0,0,0,0,0,0,0,0
3204191.0,KUTAWARINGIN,3204191010.0,GAJAH MEKAR,2020.0,1,RENDAH,1,0,0,0,0,0,0,0,0
3204191.0,KUTAWARINGIN,3204191010.0,GAJAH MEKAR,2021.0,1,RENDAH,1,0,0,0,0,0,0,0,0
3204191.0,KUTAWARINGIN,3204191011.0,PAMEUNTASAN,2019.0,1,RENDAH,1,0,0,0,0,0,0,0,0
3204191.0,KUTAWARINGIN,3204191011.0,PAMEUNTASAN,2020.0,1,RENDAH,1,0,0,0,0,0,0,0,0
3204191.0,KUTAWARINGIN,3204191011.0,PAMEUNTASAN,2021.0,1,RENDAH,1,0,0,0,0,0,0,0,0
3204250.0,MARGAASIH,3204250001.0,NANJUNG,2019.0,1,RENDAH,1,0,0,0,0,0,0,0,0
3204250.0,MARGAASIH,3204250001.0,NANJUNG,2020.0,1,RENDAH,1,0,0,0,0,0,0,0,0
3204250.0,MARGAASIH,3204250001.0,NANJUNG,2021.0,1,RENDAH,1,0,0,0,0,0,0,0,0
3204250.0,MARGAASIH,3204250002.0,MEKARRAHAYU,2019.0,1,RENDAH,1,0,0,0,0,0,0,0,0
3204250.0,MARGAASIH,3204250002.0,MEKARRAHAYU,2020.0,2,RENDAH,1,1,0,0,0,0,0,0,0
3204250.0,MARGAASIH,3204250002.0,MEKARRAHAYU,2021.0,2,RENDAH,1,1,0,0,0,0,0,0,0
3204250.0,MARGAASIH,3204250003.0,RAHAYU,2019.0,2,RENDAH,1,1,0,0,0,0,0,0,0
3204250.0,MARGAASIH,3204250003.0,RAHAYU,2020.0,1,RENDAH,1,0,0,0,0,0,0,0,0
3204250.0,MARGAASIH,3204250003.0,RAHAYU,2021.0,1,RENDAH,1,0,0,0,0,0,0,0,0
3204250.0,MARGAASIH,3204250004.0,CIGONDEWAH HILIR,2019.0,1,RENDAH,1,0,0,0,0,0,0,0,0
3204250.0,MARGAASIH,3204250004.0,CIGONDEWAH HILIR,2020.0,1,RENDAH,1,0,0,0,0,0,0,0,0
3204250.0,MARGAASIH,3204250004.0,CIGONDEWAH HILIR,2021.0,1,RENDAH,1,0,0,0,0,0,0,0,0
3204250.0,MARGAASIH,3204250005.0,MARGAASIH,2019.0,1,RENDAH,1,0,0,0,0,0,0,0,0
3204250.0,MARGAASIH,3204250005.0,MARGAASIH,2020.0,1,RENDAH,1,0,0,0,0,0,0,0,0
3204250.0,MARGAASIH,3204250005.0,MARGAASIH,2021.0,1,RENDAH,1,0,0,0,0,0,0,0,0
3204250.0,MARGAASIH,3204250006.0,LAGADAR,2019.0,9,TINGGI,1,1,1,1,1,1,1,1,1
3204250.0,MARGAASIH,3204250006.0,LAGADAR,2020.0,1,RENDAH,1,0,0,0,0,0,0,0,0
3204250.0,MARGAASIH,3204250006.0,LAGADAR,2021.0,1,RENDAH,1,0,0,0,0,0,0,0,0
3204260.0,MARGAHAYU,3204260002.0,SUKAMENAK,2019.0,1,RENDAH,1,0,0,0,0,0,0,0,0
3204260.0,MARGAHAYU,3204260002.0,SUKAMENAK,2020.0,0,AMAN,0,0,0,0,0,0,0,0,0
3204260.0,MARGAHAYU,3204260002.0,SUKAMENAK,2021.0,0,AMAN,0,0,0,0,0,0,0,0,0
3204260.0,MARGAHAYU,3204260003.0,SAYATI,2019.0,1,RENDAH,1,0,0,0,0,0,0,0,0
3204260.0,MARGAHAYU,3204260003.0,SAYATI,2020.0,1,RENDAH,1,0,0,0,0,0,0,0,0
3204260.0,MARGAHAYU,3204260003.0,SAYATI,2021.0,1,RENDAH,1,0,0,0,0,0,0,0,0
3204260.0,MARGAHAYU,3204260004.0,MARGAHAYU SELATAN,2019.0,1,RENDAH,1,0,0,0,0,0,0,0,0
3204260.0,MARGAHAYU,3204260004.0,MARGAHAYU SELATAN,2020.0,1,RENDAH,1,0,0,0,0,0,0,0,0
3204260.0,MARGAHAYU,3204260004.0,MARGAHAYU SELATAN,2021.0,1,RENDAH,1,0,0,0,0,0,0,0,0
3204260.0,MARGAHAYU,3204260005.0,MARGAHAYU TENGAH,2019.0,6,TINGGI,1,1,1,0,1,1,1,0,0
3204260.0,MARGAHAYU,3204260005.0,MARGAHAYU TENGAH,2020.0,0,AMAN,0,0,0,0,0,0,0,0,0
3204260.0,MARGAHAYU,3204260005.0,MARGAHAYU TENGAH,2021.0,0,AMAN,0,0,0,0,0,0,0,0,0
3204270.0,DAYEUHKOLOT,3204270001.0,CANGKUANG KULON,2019.0,1,RENDAH,1,0,0,0,0,0,0,0,0
3204270.0,DAYEUHKOLOT,3204270001.0,CANGKUANG KULON,2020.0,1,RENDAH,1,0,0,0,0,0,0,0,0
3204270.0,DAYEUHKOLOT,3204270001.0,CANGKUANG KULON,2021.0,1,RENDAH,1,0,0,0,0,0,0,0,0
3204270.0,DAYEUHKOLOT,3204270002.0,CANGKUANG WETAN,2019.0,1,RENDAH,1,0,0,0,0,0,0,0,0
3204270.0,DAYEUHKOLOT,3204270002.0,CANGKUANG WETAN,2020.0,0,AMAN,0,0,0,0,0,0,0,0,0
3204270.0,DAYEUHKOLOT,3204270002.0,CANGKUANG WETAN,2021.0,0,AMAN,0,0,0,0,0,0,0,0,0
3204270.0,DAYEUHKOLOT,3204270004.0,DAYEUHKOLOT,2019.0,2,RENDAH,1,0,0,0,0,1,0,0,0
3204270.0,DAYEUHKOLOT,3204270004.0,DAYEUHKOLOT,2020.0,0,AMAN,0,0,0,0,0,0,0,0,0
3204270.0,DAYEUHKOLOT,3204270004.0,DAYEUHKOLOT,2021.0,0,AMAN,0,0,0,0,0,0,0,0,0
3204270.0,DAYEUHKOLOT,3204270005.0,CITEUREUP,2019.0,1,RENDAH,1,0,0,0,0,0,0,0,0
3204270.0,DAYEUHKOLOT,3204270005.0,CITEUREUP,2020.0,2,RENDAH,1,0,0,0,0,0,0,1,0
3204270.0,DAYEUHKOLOT,3204270005.0,CITEUREUP,2021.0,2,RENDAH,1,0,0,0,0,0,0,1,0
3204270.0,DAYEUHKOLOT,3204270006.0,SUKAPURA,2019.0,1,RENDAH,1,0,0,0,0,0,0,0,0
3204270.0,DAYEUHKOLOT,3204270006.0,SUKAPURA,2020.0,1,RENDAH,1,0,0,0,0,0,0,0,0
3204270.0,DAYEUHKOLOT,3204270006.0,SUKAPURA,2021.0,1,RENDAH,1,0,0,0,0,0,0,0,0
3204280.0,BOJONGSOANG,3204280001.0,BOJONGSARI,2019.0,3,SEDANG,1,1,0,0,0,0,1,0,0
3204280.0,BOJONGSOANG,3204280001.0,BOJONGSARI,2020.0,0,AMAN,0,0,0,0,0,0,0,0,0
3204280.0,BOJONGSOANG,3204280001.0,BOJONGSARI,2021.0,0,AMAN,0,0,0,0,0,0,0,0,0
3204280.0,BOJONGSOANG,3204280002.0,BOJONGSOANG,2019.0,1,RENDAH,1,0,0,0,0,0,0,0,0
3204280.0,BOJONGSOANG,3204280002.0,BOJONGSOANG,2020.0,1,RENDAH,1,0,0,0,0,0,0,0,0
3204280.0,BOJONGSOANG,3204280002.0,BOJONGSOANG,2021.0,1,RENDAH,1,0,0,0,0,0,0,0,0
3204280.0,BOJONGSOANG,3204280003.0,LENGKONG,2019.0,0,AMAN,0,0,0,0,0,0,0,0,0
3204280.0,BOJONGSOANG,3204280003.0,LENGKONG,2020.0,1,RENDAH,1,0,0,0,0,0,0,0,0
3204280.0,BOJONGSOANG,3204280003.0,LENGKONG,2021.0,1,RENDAH,1,0,0,0,0,0,0,0,0
3204280.0,BOJONGSOANG,3204280004.0,CIPAGALO,2019.0,1,RENDAH,1,0,0,0,0,0,0,0,0
3204280.0,BOJONGSOANG,3204280004.0,CIPAGALO,2020.0,1,RENDAH,1,0,0,0,0,0,0,0,0
3204280.0,BOJONGSOANG,3204280004.0,CIPAGALO,2021.0,1,RENDAH,1,0,0,0,0,0,0,0,0
3204280.0,BOJONGSOANG,3204280005.0,BUAHBATU,2019.0,0,AMAN,0,0,0,0,0,0,0,0,0
3204280.0,BOJONGSOANG,3204280005.0,BUAHBATU,2020.0,1,RENDAH,1,0,0,0,0,0,0,0,0
3204280.0,BOJONGSOANG,3204280005.0,BUAHBATU,2021.0,1,RENDAH,1,0,0,0,0,0,0,0,0
3204280.0,BOJONGSOANG,3204280006.0,TEGALLUAR,2019.0,0,AMAN,0,0,0,0,0,0,0,0,0
3204280.0,BOJONGSOANG,3204280006.0,TEGALLUAR,2020.0,1,RENDAH,1,0,0,0,0,0,0,0,0
3204280.0,BOJONGSOANG,3204280006.0,TEGALLUAR,2021.0,1,RENDAH,1,0,0,0,0,0,0,0,0
3204290.0,CILEUNYI,3204290001.0,CIBIRU HILIR,2019.0,1,RENDAH,1,0,0,0,0,0,0,0,0
3204290.0,CILEUNYI,3204290001.0,CIBIRU HILIR,2020.0,1,RENDAH,1,0,0,0,0,0,0,0,0
3204290.0,CILEUNYI,3204290001.0,CIBIRU HILIR,2021.0,4,SEDANG,1,0,0,0,1,1,1,0,0
3204290.0,CILEUNYI,3204290002.0,CINUNUK,2019.0,5,TINGGI,1,1,1,0,0,1,1,0,0
3204290.0,CILEUNYI,3204290002.0,CINUNUK,2020.0,4,SEDANG,1,1,0,0,0,1,1,0,0
3204290.0,CILEUNYI,3204290002.0,CINUNUK,2021.0,5,TINGGI,1,1,1,0,0,1,1,0,0
3204290.0,CILEUNYI,3204290003.0,CIMEKAR,2019.0,1,RENDAH,1,0,0,0,0,0,0,0,0
3204290.0,CILEUNYI,3204290003.0,CIMEKAR,2020.0,1,RENDAH,1,0,0,0,0,0,0,0,0
3204290.0,CILEUNYI,3204290003.0,CIMEKAR,2021.0,0,AMAN,0,0,0,0,0,0,0,0,0
3204290.0,CILEUNYI,3204290004.0,CILEUNYI KULON,2019.0,3,SEDANG,1,0,0,0,0,0,1,0,1
3204290.0,CILEUNYI,3204290004.0,CILEUNYI KULON,2020.0,0,AMAN,0,0,0,0,0,0,0,0,0
3204290.0,CILEUNYI,3204290004.0,CILEUNYI KULON,2021.0,0,AMAN,0,0,0,0,0,0,0,0,0
3204290.0,CILEUNYI,3204290005.0,CILEUNYI WETAN,2019.0,2,RENDAH,1,0,0,0,0,0,1,0,0
3204290.0,CILEUNYI,3204290005.0,CILEUNYI WETAN,2020.0,1,RENDAH,1,0,0,0,0,0,0,0,0
3204290.0,CILEUNYI,3204290005.0,CILEUNYI WETAN,2021.0,3,SEDANG,1,0,0,0,0,1,1,0,0
3204290.0,CILEUNYI,3204290006.0,CIBIRU WETAN,2019.0,3,SEDANG,1,1,0,0,0,1,0,0,0
3204290.0,CILEUNYI,3204290006.0,CIBIRU WETAN,2020.0,3,SEDANG,1,1,0,0,0,1,0,0,0
3204290.0,CILEUNYI,3204290006.0,CIBIRU WETAN,2021.0,3,SEDANG,1,1,0,0,0,1,0,0,0
3204300.0,CILENGKRANG,3204300001.0,GIRIMEKAR,2019.0,3,SEDANG,1,1,1,0,0,0,0,0,0
3204300.0,CILENGKRANG,3204300001.0,GIRIMEKAR,2020.0,2,RENDAH,1,1,0,0,0,0,0,0,0
3204300.0,CILENGKRANG,3204300001.0,GIRIMEKAR,2021.0,2,RENDAH,1,1,0,0,0,0,0,0,0
3204300.0,CILENGKRANG,3204300002.0,JATIENDAH,2019.0,2,RENDAH,1,0,0,1,0,0,0,0,0
3204300.0,CILENGKRANG,3204300002.0,JATIENDAH,2020.0,0,AMAN,0,0,0,0,0,0,0,0,0
3204300.0,CILENGKRANG,3204300002.0,JATIENDAH,2021.0,1,RENDAH,1,0,0,0,0,0,0,0,0
3204300.0,CILENGKRANG,3204300003.0,MELATIWANGI,2019.0,3,SEDANG,1,1,1,0,0,0,0,0,0
3204300.0,CILENGKRANG,3204300003.0,MELATIWANGI,2020.0,1,RENDAH,1,0,0,0,0,0,0,0,0
3204300.0,CILENGKRANG,3204300003.0,MELATIWANGI,2021.0,1,RENDAH,1,0,0,0,0,0,0,0,0
3204300.0,CILENGKRANG,3204300004.0,CIPANJALU,2019.0,1,RENDAH,1,0,0,0,0,0,0,0,0
3204300.0,CILENGKRANG,3204300004.0,CIPANJALU,2020.0,1,RENDAH,1,0,0,0,0,0,0,0,0
3204300.0,CILENGKRANG,3204300004.0,CIPANJALU,2021.0,1,RENDAH,1,0,0,0,0,0,0,0,0
3204300.0,CILENGKRANG,3204300005.0,CIPOREAT,2019.0,2,RENDAH,1,1,0,0,0,0,0,0,0
3204300.0,CILENGKRANG,3204300005.0,CIPOREAT,2020.0,1,RENDAH,1,0,0,0,0,0,0,0,0
3204300.0,CILENGKRANG,3204300005.0,CIPOREAT,2021.0,1,RENDAH,1,0,0,0,0,0,0,0,0
3204300.0,CILENGKRANG,3204300006.0,CILENGKRANG,2019.0,1,RENDAH,1,0,0,0,0,0,0,0,0
3204300.0,CILENGKRANG,3204300006.0,CILENGKRANG,2020.0,1,RENDAH,1,0,0,0,0,0,0,0,0
3204300.0,CILENGKRANG,3204300006.0,CILENGKRANG,2021.0,1,RENDAH,1,0,0,0,0,0,0,0,0
3204310.0,CIMENYAN,3204310003.0,MANDALAMEKAR,2019.0,1,RENDAH,1,0,0,0,0,0,0,0,0
3204310.0,CIMENYAN,3204310003.0,MANDALAMEKAR,2020.0,0,AMAN,0,0,0,0,0,0,0,0,0
3204310.0,CIMENYAN,3204310003.0,MANDALAMEKAR,2021.0,0,AMAN,0,0,0,0,0,0,0,0,0
3204310.0,CIMENYAN,3204310004.0,CIKADUT,2019.0,0,AMAN,0,0,0,0,0,0,0,0,0
3204310.0,CIMENYAN,3204310004.0,CIKADUT,2020.0,1,RENDAH,1,0,0,0,0,0,0,0,0
3204310.0,CIMENYAN,3204310004.0,CIKADUT,2021.0,1,RENDAH,1,0,0,0,0,0,0,0,0
3204310.0,CIMENYAN,3204310005.0,SINDANGLAYA,2019.0,2,RENDAH,1,1,0,0,0,0,0,0,0
3204310.0,CIMENYAN,3204310005.0,SINDANGLAYA,2020.0,1,RENDAH,1,0,0,0,0,0,0,0,0
3204310.0,CIMENYAN,3204310005.0,SINDANGLAYA,2021.0,1,RENDAH,1,0,0,0,0,0,0,0,0
3204310.0,CIMENYAN,3204310006.0,MEKARMANIK,2019.0,1,RENDAH,1,0,0,0,0,0,0,0,0
3204310.0,CIMENYAN,3204310006.0,MEKARMANIK,2020.0,0,AMAN,0,0,0,0,0,0,0,0,0
3204310.0,CIMENYAN,3204310006.0,MEKARMANIK,2021.0,0,AMAN,0,0,0,0,0,0,0,0,0
3204310.0,CIMENYAN,3204310007.0,CIMENYAN,2019.0,1,RENDAH,1,0,0,0,0,0,0,0,0
3204310.0,CIMENYAN,3204310007.0,CIMENYAN,2020.0,2,RENDAH,1,1,0,0,0,0,0,0,0
3204310.0,CIMENYAN,3204310007.0,CIMENYAN,2021.0,2,RENDAH,1,1,0,0,0,0,0,0,0
3204310.0,CIMENYAN,3204310008.0,MEKARSALUYU,2019.0,0,AMAN,0,0,0,0,0,0,0,0,0
3204310.0,CIMENYAN,3204310008.0,MEKARSALUYU,2020.0,0,AMAN,0,0,0,0,0,0,0,0,0
3204310.0,CIMENYAN,3204310008.0,MEKARSALUYU,2021.0,0,AMAN,0,0,0,0,0,0,0,0,0
3204310.0,CIMENYAN,3204310009.0,CIBURIAL,2019.0,1,RENDAH,1,0,0,0,0,0,0,0,0
3204310.0,CIMENYAN,3204310009.0,CIBURIAL,2020.0,1,RENDAH,1,0,0,0,0,0,0,0,0
3204310.0,CIMENYAN,3204310009.0,CIBURIAL,2021.0,1,RENDAH,1,0,0,0,0,0,0,0,0
